"# Test:	Laser Sweep (sweepLaser)",,,,,,,,,,,,,,,,,,,,,,,,,,,,,,,,,,,,,,,,,,,,,,,,,,,,,,,,,,,,,,,,,,,,,,,,,,,,,,,,,,,,,,,,,,,,,,,,,,,,,,,,,,,,,,,,,,,,,,,,,,,,,,,,,,,,,,,,,,,,,,,,,,,,,,,,,,,,,,,,,,,,,,,,,,,,,,,,,,,,,,,,,,,,,,,,,,,,,,,,,,,,,,,,,,,,,,,,,,,,,,,,,,,,,,,,,,,,,,,,,,,,,,,,,,,,,,,,,,,,,,,,,,,,,,,,,,,,,,,,,,,,,,,,,,,,,,,,,,,,,,,,,,,,,,,,,,,,,,,,,,,,,,,,,,,,,,,,,,,,,,,,,,,,,,,,,,,,,,,,,,,,,,,,,,,,,,,,,,,,,,,,,,,,,,,,,,,,,,,,,,,,,,,,,,,,,,,,,,,,,,,,,,,,,,,,,,,,,,,,,,,,,,,,,,,,,,,,,,,,,,,,,,,,,,,,,,,,,,,,,,,,,,,,,,,,,,,,,,,,,,,,,,,,,,,,,,,,,,,,,,,,,,,,,,,,,,,,,,,,,,,,,,,,,,,,,,,,,,,,,,,,,,,,,,,,,,,,,,,,,,,,,,,,,,,,,,,,,,,,,,,,,,,,,,,,,,,,,,,,,,,,,,,,,,,,,,,,,,,,,,,,,,,,,,,,,,,,,,,,,,,,,,,,,,,,,,,,,,,,,,,,,,,,,,,,,,,,,,,,,,,,,,,,,,,,,,,,,,,,,,,,,,,,,,,,,,,,,,,,,,,,,,,,,,,,,,,,,,,,,,,,,,,,,,,,,,,,,,,,,,,,,,,,,,,,,,,,,,,,,,,,,,,,,,,,,,,,,,,,,,,,,,,,,,,,,,,,,,,,,,,,,,,,,,,,,,,,,,,,,,,,,,,,,,,,,,,,,,,,,,,,,,,,,,,,,,,,,,,,,,,,,,,,,,,,,,,,,,,,,,,,,,,,,,,,,,,,,,,,,,,,,,,,,,,,,,,,,,,,,,,,,,,,,,,,,,,,,,,,,,,,,,,,,,,,,,,,,,,,,,,,,,,,,,,,,,,,,,,,,,,,,,,,,,,,,,,,,,,,,,,,,,,,,,,,,,,,,,,,,,,,,,,,,,,,,,,,,,,,,,,,,,,,,,,,,,,,,,,,,,,,,,,,,,,,,,,,,,,,,,,,,,,,,,,,,,,,,,,,,,,,,,,,,,,,,,,,,,,,,,,,,,,,,,,,,,,,,,,,,,,,,,,,,,,,,,,,,,,,,,,,,,,,,,,,,,,,,,,,,,,,,,,,,,,,,,,,,,,,,,,,,,,,,,,,,,,,,,,,,
"# User:	Mustafa",,,,,,,,,,,,,,,,,,,,,,,,,,,,,,,,,,,,,,,,,,,,,,,,,,,,,,,,,,,,,,,,,,,,,,,,,,,,,,,,,,,,,,,,,,,,,,,,,,,,,,,,,,,,,,,,,,,,,,,,,,,,,,,,,,,,,,,,,,,,,,,,,,,,,,,,,,,,,,,,,,,,,,,,,,,,,,,,,,,,,,,,,,,,,,,,,,,,,,,,,,,,,,,,,,,,,,,,,,,,,,,,,,,,,,,,,,,,,,,,,,,,,,,,,,,,,,,,,,,,,,,,,,,,,,,,,,,,,,,,,,,,,,,,,,,,,,,,,,,,,,,,,,,,,,,,,,,,,,,,,,,,,,,,,,,,,,,,,,,,,,,,,,,,,,,,,,,,,,,,,,,,,,,,,,,,,,,,,,,,,,,,,,,,,,,,,,,,,,,,,,,,,,,,,,,,,,,,,,,,,,,,,,,,,,,,,,,,,,,,,,,,,,,,,,,,,,,,,,,,,,,,,,,,,,,,,,,,,,,,,,,,,,,,,,,,,,,,,,,,,,,,,,,,,,,,,,,,,,,,,,,,,,,,,,,,,,,,,,,,,,,,,,,,,,,,,,,,,,,,,,,,,,,,,,,,,,,,,,,,,,,,,,,,,,,,,,,,,,,,,,,,,,,,,,,,,,,,,,,,,,,,,,,,,,,,,,,,,,,,,,,,,,,,,,,,,,,,,,,,,,,,,,,,,,,,,,,,,,,,,,,,,,,,,,,,,,,,,,,,,,,,,,,,,,,,,,,,,,,,,,,,,,,,,,,,,,,,,,,,,,,,,,,,,,,,,,,,,,,,,,,,,,,,,,,,,,,,,,,,,,,,,,,,,,,,,,,,,,,,,,,,,,,,,,,,,,,,,,,,,,,,,,,,,,,,,,,,,,,,,,,,,,,,,,,,,,,,,,,,,,,,,,,,,,,,,,,,,,,,,,,,,,,,,,,,,,,,,,,,,,,,,,,,,,,,,,,,,,,,,,,,,,,,,,,,,,,,,,,,,,,,,,,,,,,,,,,,,,,,,,,,,,,,,,,,,,,,,,,,,,,,,,,,,,,,,,,,,,,,,,,,,,,,,,,,,,,,,,,,,,,,,,,,,,,,,,,,,,,,,,,,,,,,,,,,,,,,,,,,,,,,,,,,,,,,,,,,,,,,,,,,,,,,,,,,,,,,,,,,,,,,,,,,,,,,,,,,,,,,,,,,,,,,,,,,,,,,,,,,,,,,,,,,,,,,,,,,,,,,,,,,,,,,,,,,,,,,,,,,,,,,,,,,,,,,,,,,,,,,,,,,,,,,,,,,,,,,,,,,,,,,,,,,,,,,,,,,,,,,,,,,,,,,,,,,,,,,,,,,,
"# Start:	12-Feb-2022 10:32:54",,,,,,,,,,,,,,,,,,,,,,,,,,,,,,,,,,,,,,,,,,,,,,,,,,,,,,,,,,,,,,,,,,,,,,,,,,,,,,,,,,,,,,,,,,,,,,,,,,,,,,,,,,,,,,,,,,,,,,,,,,,,,,,,,,,,,,,,,,,,,,,,,,,,,,,,,,,,,,,,,,,,,,,,,,,,,,,,,,,,,,,,,,,,,,,,,,,,,,,,,,,,,,,,,,,,,,,,,,,,,,,,,,,,,,,,,,,,,,,,,,,,,,,,,,,,,,,,,,,,,,,,,,,,,,,,,,,,,,,,,,,,,,,,,,,,,,,,,,,,,,,,,,,,,,,,,,,,,,,,,,,,,,,,,,,,,,,,,,,,,,,,,,,,,,,,,,,,,,,,,,,,,,,,,,,,,,,,,,,,,,,,,,,,,,,,,,,,,,,,,,,,,,,,,,,,,,,,,,,,,,,,,,,,,,,,,,,,,,,,,,,,,,,,,,,,,,,,,,,,,,,,,,,,,,,,,,,,,,,,,,,,,,,,,,,,,,,,,,,,,,,,,,,,,,,,,,,,,,,,,,,,,,,,,,,,,,,,,,,,,,,,,,,,,,,,,,,,,,,,,,,,,,,,,,,,,,,,,,,,,,,,,,,,,,,,,,,,,,,,,,,,,,,,,,,,,,,,,,,,,,,,,,,,,,,,,,,,,,,,,,,,,,,,,,,,,,,,,,,,,,,,,,,,,,,,,,,,,,,,,,,,,,,,,,,,,,,,,,,,,,,,,,,,,,,,,,,,,,,,,,,,,,,,,,,,,,,,,,,,,,,,,,,,,,,,,,,,,,,,,,,,,,,,,,,,,,,,,,,,,,,,,,,,,,,,,,,,,,,,,,,,,,,,,,,,,,,,,,,,,,,,,,,,,,,,,,,,,,,,,,,,,,,,,,,,,,,,,,,,,,,,,,,,,,,,,,,,,,,,,,,,,,,,,,,,,,,,,,,,,,,,,,,,,,,,,,,,,,,,,,,,,,,,,,,,,,,,,,,,,,,,,,,,,,,,,,,,,,,,,,,,,,,,,,,,,,,,,,,,,,,,,,,,,,,,,,,,,,,,,,,,,,,,,,,,,,,,,,,,,,,,,,,,,,,,,,,,,,,,,,,,,,,,,,,,,,,,,,,,,,,,,,,,,,,,,,,,,,,,,,,,,,,,,,,,,,,,,,,,,,,,,,,,,,,,,,,,,,,,,,,,,,,,,,,,,,,,,,,,,,,,,,,,,,,,,,,,,,,,,,,,,,,,,,,,,,,,,,,,,,,,,,,,,,,,,,,,,,,,,,,,,,,,,,,,,,,,,,,,,,,,,,,,,,,,,,,,,,,,,,,,,,,,,,,,,,,,,,,,,
"# Finish:	12-Feb-2022 10:34:13",,,,,,,,,,,,,,,,,,,,,,,,,,,,,,,,,,,,,,,,,,,,,,,,,,,,,,,,,,,,,,,,,,,,,,,,,,,,,,,,,,,,,,,,,,,,,,,,,,,,,,,,,,,,,,,,,,,,,,,,,,,,,,,,,,,,,,,,,,,,,,,,,,,,,,,,,,,,,,,,,,,,,,,,,,,,,,,,,,,,,,,,,,,,,,,,,,,,,,,,,,,,,,,,,,,,,,,,,,,,,,,,,,,,,,,,,,,,,,,,,,,,,,,,,,,,,,,,,,,,,,,,,,,,,,,,,,,,,,,,,,,,,,,,,,,,,,,,,,,,,,,,,,,,,,,,,,,,,,,,,,,,,,,,,,,,,,,,,,,,,,,,,,,,,,,,,,,,,,,,,,,,,,,,,,,,,,,,,,,,,,,,,,,,,,,,,,,,,,,,,,,,,,,,,,,,,,,,,,,,,,,,,,,,,,,,,,,,,,,,,,,,,,,,,,,,,,,,,,,,,,,,,,,,,,,,,,,,,,,,,,,,,,,,,,,,,,,,,,,,,,,,,,,,,,,,,,,,,,,,,,,,,,,,,,,,,,,,,,,,,,,,,,,,,,,,,,,,,,,,,,,,,,,,,,,,,,,,,,,,,,,,,,,,,,,,,,,,,,,,,,,,,,,,,,,,,,,,,,,,,,,,,,,,,,,,,,,,,,,,,,,,,,,,,,,,,,,,,,,,,,,,,,,,,,,,,,,,,,,,,,,,,,,,,,,,,,,,,,,,,,,,,,,,,,,,,,,,,,,,,,,,,,,,,,,,,,,,,,,,,,,,,,,,,,,,,,,,,,,,,,,,,,,,,,,,,,,,,,,,,,,,,,,,,,,,,,,,,,,,,,,,,,,,,,,,,,,,,,,,,,,,,,,,,,,,,,,,,,,,,,,,,,,,,,,,,,,,,,,,,,,,,,,,,,,,,,,,,,,,,,,,,,,,,,,,,,,,,,,,,,,,,,,,,,,,,,,,,,,,,,,,,,,,,,,,,,,,,,,,,,,,,,,,,,,,,,,,,,,,,,,,,,,,,,,,,,,,,,,,,,,,,,,,,,,,,,,,,,,,,,,,,,,,,,,,,,,,,,,,,,,,,,,,,,,,,,,,,,,,,,,,,,,,,,,,,,,,,,,,,,,,,,,,,,,,,,,,,,,,,,,,,,,,,,,,,,,,,,,,,,,,,,,,,,,,,,,,,,,,,,,,,,,,,,,,,,,,,,,,,,,,,,,,,,,,,,,,,,,,,,,,,,,,,,,,,,,,,,,,,,,,,,,,,,,,,,,,,,,,,,,,,,,,,,,,,,,,,,,,,,,,,,,,,,,,,,,,,,,,,,,,,,,,,,,,,,,,,,,,,
"# Device ID:	 PCM_SpiralWG0TE",,,,,,,,,,,,,,,,,,,,,,,,,,,,,,,,,,,,,,,,,,,,,,,,,,,,,,,,,,,,,,,,,,,,,,,,,,,,,,,,,,,,,,,,,,,,,,,,,,,,,,,,,,,,,,,,,,,,,,,,,,,,,,,,,,,,,,,,,,,,,,,,,,,,,,,,,,,,,,,,,,,,,,,,,,,,,,,,,,,,,,,,,,,,,,,,,,,,,,,,,,,,,,,,,,,,,,,,,,,,,,,,,,,,,,,,,,,,,,,,,,,,,,,,,,,,,,,,,,,,,,,,,,,,,,,,,,,,,,,,,,,,,,,,,,,,,,,,,,,,,,,,,,,,,,,,,,,,,,,,,,,,,,,,,,,,,,,,,,,,,,,,,,,,,,,,,,,,,,,,,,,,,,,,,,,,,,,,,,,,,,,,,,,,,,,,,,,,,,,,,,,,,,,,,,,,,,,,,,,,,,,,,,,,,,,,,,,,,,,,,,,,,,,,,,,,,,,,,,,,,,,,,,,,,,,,,,,,,,,,,,,,,,,,,,,,,,,,,,,,,,,,,,,,,,,,,,,,,,,,,,,,,,,,,,,,,,,,,,,,,,,,,,,,,,,,,,,,,,,,,,,,,,,,,,,,,,,,,,,,,,,,,,,,,,,,,,,,,,,,,,,,,,,,,,,,,,,,,,,,,,,,,,,,,,,,,,,,,,,,,,,,,,,,,,,,,,,,,,,,,,,,,,,,,,,,,,,,,,,,,,,,,,,,,,,,,,,,,,,,,,,,,,,,,,,,,,,,,,,,,,,,,,,,,,,,,,,,,,,,,,,,,,,,,,,,,,,,,,,,,,,,,,,,,,,,,,,,,,,,,,,,,,,,,,,,,,,,,,,,,,,,,,,,,,,,,,,,,,,,,,,,,,,,,,,,,,,,,,,,,,,,,,,,,,,,,,,,,,,,,,,,,,,,,,,,,,,,,,,,,,,,,,,,,,,,,,,,,,,,,,,,,,,,,,,,,,,,,,,,,,,,,,,,,,,,,,,,,,,,,,,,,,,,,,,,,,,,,,,,,,,,,,,,,,,,,,,,,,,,,,,,,,,,,,,,,,,,,,,,,,,,,,,,,,,,,,,,,,,,,,,,,,,,,,,,,,,,,,,,,,,,,,,,,,,,,,,,,,,,,,,,,,,,,,,,,,,,,,,,,,,,,,,,,,,,,,,,,,,,,,,,,,,,,,,,,,,,,,,,,,,,,,,,,,,,,,,,,,,,,,,,,,,,,,,,,,,,,,,,,,,,,,,,,,,,,,,,,,,,,,,,,,,,,,,,,,,,,,,,,,,,,,,,,,,,,,,,,,,,,,,,,,,,,,,,,,,,,,,,,,,,,,,,,,,,,,,,,,,,,
"# Device coordinates (gds):	-3993",-4104,,,,,,,,,,,,,,,,,,,,,,,,,,,,,,,,,,,,,,,,,,,,,,,,,,,,,,,,,,,,,,,,,,,,,,,,,,,,,,,,,,,,,,,,,,,,,,,,,,,,,,,,,,,,,,,,,,,,,,,,,,,,,,,,,,,,,,,,,,,,,,,,,,,,,,,,,,,,,,,,,,,,,,,,,,,,,,,,,,,,,,,,,,,,,,,,,,,,,,,,,,,,,,,,,,,,,,,,,,,,,,,,,,,,,,,,,,,,,,,,,,,,,,,,,,,,,,,,,,,,,,,,,,,,,,,,,,,,,,,,,,,,,,,,,,,,,,,,,,,,,,,,,,,,,,,,,,,,,,,,,,,,,,,,,,,,,,,,,,,,,,,,,,,,,,,,,,,,,,,,,,,,,,,,,,,,,,,,,,,,,,,,,,,,,,,,,,,,,,,,,,,,,,,,,,,,,,,,,,,,,,,,,,,,,,,,,,,,,,,,,,,,,,,,,,,,,,,,,,,,,,,,,,,,,,,,,,,,,,,,,,,,,,,,,,,,,,,,,,,,,,,,,,,,,,,,,,,,,,,,,,,,,,,,,,,,,,,,,,,,,,,,,,,,,,,,,,,,,,,,,,,,,,,,,,,,,,,,,,,,,,,,,,,,,,,,,,,,,,,,,,,,,,,,,,,,,,,,,,,,,,,,,,,,,,,,,,,,,,,,,,,,,,,,,,,,,,,,,,,,,,,,,,,,,,,,,,,,,,,,,,,,,,,,,,,,,,,,,,,,,,,,,,,,,,,,,,,,,,,,,,,,,,,,,,,,,,,,,,,,,,,,,,,,,,,,,,,,,,,,,,,,,,,,,,,,,,,,,,,,,,,,,,,,,,,,,,,,,,,,,,,,,,,,,,,,,,,,,,,,,,,,,,,,,,,,,,,,,,,,,,,,,,,,,,,,,,,,,,,,,,,,,,,,,,,,,,,,,,,,,,,,,,,,,,,,,,,,,,,,,,,,,,,,,,,,,,,,,,,,,,,,,,,,,,,,,,,,,,,,,,,,,,,,,,,,,,,,,,,,,,,,,,,,,,,,,,,,,,,,,,,,,,,,,,,,,,,,,,,,,,,,,,,,,,,,,,,,,,,,,,,,,,,,,,,,,,,,,,,,,,,,,,,,,,,,,,,,,,,,,,,,,,,,,,,,,,,,,,,,,,,,,,,,,,,,,,,,,,,,,,,,,,,,,,,,,,,,,,,,,,,,,,,,,,,,,,,,,,,,,,,,,,,,,,,,,,,,,,,,,,,,,,,,,,,,,,,,,,,,,,,,,,,,,,,,,,,,,,,,,,,,,,,,,,,,,,,,,,,,,,,,,,,,,,,,,,,,,,,,,,,,,,,,,,,,,,,,,,,,
"# Device coordinates (motor):	1.323431e+03",-4.06E+03,,,,,,,,,,,,,,,,,,,,,,,,,,,,,,,,,,,,,,,,,,,,,,,,,,,,,,,,,,,,,,,,,,,,,,,,,,,,,,,,,,,,,,,,,,,,,,,,,,,,,,,,,,,,,,,,,,,,,,,,,,,,,,,,,,,,,,,,,,,,,,,,,,,,,,,,,,,,,,,,,,,,,,,,,,,,,,,,,,,,,,,,,,,,,,,,,,,,,,,,,,,,,,,,,,,,,,,,,,,,,,,,,,,,,,,,,,,,,,,,,,,,,,,,,,,,,,,,,,,,,,,,,,,,,,,,,,,,,,,,,,,,,,,,,,,,,,,,,,,,,,,,,,,,,,,,,,,,,,,,,,,,,,,,,,,,,,,,,,,,,,,,,,,,,,,,,,,,,,,,,,,,,,,,,,,,,,,,,,,,,,,,,,,,,,,,,,,,,,,,,,,,,,,,,,,,,,,,,,,,,,,,,,,,,,,,,,,,,,,,,,,,,,,,,,,,,,,,,,,,,,,,,,,,,,,,,,,,,,,,,,,,,,,,,,,,,,,,,,,,,,,,,,,,,,,,,,,,,,,,,,,,,,,,,,,,,,,,,,,,,,,,,,,,,,,,,,,,,,,,,,,,,,,,,,,,,,,,,,,,,,,,,,,,,,,,,,,,,,,,,,,,,,,,,,,,,,,,,,,,,,,,,,,,,,,,,,,,,,,,,,,,,,,,,,,,,,,,,,,,,,,,,,,,,,,,,,,,,,,,,,,,,,,,,,,,,,,,,,,,,,,,,,,,,,,,,,,,,,,,,,,,,,,,,,,,,,,,,,,,,,,,,,,,,,,,,,,,,,,,,,,,,,,,,,,,,,,,,,,,,,,,,,,,,,,,,,,,,,,,,,,,,,,,,,,,,,,,,,,,,,,,,,,,,,,,,,,,,,,,,,,,,,,,,,,,,,,,,,,,,,,,,,,,,,,,,,,,,,,,,,,,,,,,,,,,,,,,,,,,,,,,,,,,,,,,,,,,,,,,,,,,,,,,,,,,,,,,,,,,,,,,,,,,,,,,,,,,,,,,,,,,,,,,,,,,,,,,,,,,,,,,,,,,,,,,,,,,,,,,,,,,,,,,,,,,,,,,,,,,,,,,,,,,,,,,,,,,,,,,,,,,,,,,,,,,,,,,,,,,,,,,,,,,,,,,,,,,,,,,,,,,,,,,,,,,,,,,,,,,,,,,,,,,,,,,,,,,,,,,,,,,,,,,,,,,,,,,,,,,,,,,,,,,,,,,,,,,,,,,,,,,,,,,,,,,,,,,,,,,,,,,,,,,,,,,,,,,,,,,,,,,,,,,,,,,,,,,,,,,,,,,,,,,,,,,,,,,,,,,,,,,,,,,,,,,,,,,,,,,
"# Chip test start:	11-Feb-2022 12:00:21",,,,,,,,,,,,,,,,,,,,,,,,,,,,,,,,,,,,,,,,,,,,,,,,,,,,,,,,,,,,,,,,,,,,,,,,,,,,,,,,,,,,,,,,,,,,,,,,,,,,,,,,,,,,,,,,,,,,,,,,,,,,,,,,,,,,,,,,,,,,,,,,,,,,,,,,,,,,,,,,,,,,,,,,,,,,,,,,,,,,,,,,,,,,,,,,,,,,,,,,,,,,,,,,,,,,,,,,,,,,,,,,,,,,,,,,,,,,,,,,,,,,,,,,,,,,,,,,,,,,,,,,,,,,,,,,,,,,,,,,,,,,,,,,,,,,,,,,,,,,,,,,,,,,,,,,,,,,,,,,,,,,,,,,,,,,,,,,,,,,,,,,,,,,,,,,,,,,,,,,,,,,,,,,,,,,,,,,,,,,,,,,,,,,,,,,,,,,,,,,,,,,,,,,,,,,,,,,,,,,,,,,,,,,,,,,,,,,,,,,,,,,,,,,,,,,,,,,,,,,,,,,,,,,,,,,,,,,,,,,,,,,,,,,,,,,,,,,,,,,,,,,,,,,,,,,,,,,,,,,,,,,,,,,,,,,,,,,,,,,,,,,,,,,,,,,,,,,,,,,,,,,,,,,,,,,,,,,,,,,,,,,,,,,,,,,,,,,,,,,,,,,,,,,,,,,,,,,,,,,,,,,,,,,,,,,,,,,,,,,,,,,,,,,,,,,,,,,,,,,,,,,,,,,,,,,,,,,,,,,,,,,,,,,,,,,,,,,,,,,,,,,,,,,,,,,,,,,,,,,,,,,,,,,,,,,,,,,,,,,,,,,,,,,,,,,,,,,,,,,,,,,,,,,,,,,,,,,,,,,,,,,,,,,,,,,,,,,,,,,,,,,,,,,,,,,,,,,,,,,,,,,,,,,,,,,,,,,,,,,,,,,,,,,,,,,,,,,,,,,,,,,,,,,,,,,,,,,,,,,,,,,,,,,,,,,,,,,,,,,,,,,,,,,,,,,,,,,,,,,,,,,,,,,,,,,,,,,,,,,,,,,,,,,,,,,,,,,,,,,,,,,,,,,,,,,,,,,,,,,,,,,,,,,,,,,,,,,,,,,,,,,,,,,,,,,,,,,,,,,,,,,,,,,,,,,,,,,,,,,,,,,,,,,,,,,,,,,,,,,,,,,,,,,,,,,,,,,,,,,,,,,,,,,,,,,,,,,,,,,,,,,,,,,,,,,,,,,,,,,,,,,,,,,,,,,,,,,,,,,,,,,,,,,,,,,,,,,,,,,,,,,,,,,,,,,,,,,,,,,,,,,,,,,,,,,,,,,,,,,,,,,,,,,,,,,,,,,,,,,,,,,,,,,,,,,,,,,,,,,,,,,,,,,,,,,,,,,,,,,,
# Settings:,,,,,,,,,,,,,,,,,,,,,,,,,,,,,,,,,,,,,,,,,,,,,,,,,,,,,,,,,,,,,,,,,,,,,,,,,,,,,,,,,,,,,,,,,,,,,,,,,,,,,,,,,,,,,,,,,,,,,,,,,,,,,,,,,,,,,,,,,,,,,,,,,,,,,,,,,,,,,,,,,,,,,,,,,,,,,,,,,,,,,,,,,,,,,,,,,,,,,,,,,,,,,,,,,,,,,,,,,,,,,,,,,,,,,,,,,,,,,,,,,,,,,,,,,,,,,,,,,,,,,,,,,,,,,,,,,,,,,,,,,,,,,,,,,,,,,,,,,,,,,,,,,,,,,,,,,,,,,,,,,,,,,,,,,,,,,,,,,,,,,,,,,,,,,,,,,,,,,,,,,,,,,,,,,,,,,,,,,,,,,,,,,,,,,,,,,,,,,,,,,,,,,,,,,,,,,,,,,,,,,,,,,,,,,,,,,,,,,,,,,,,,,,,,,,,,,,,,,,,,,,,,,,,,,,,,,,,,,,,,,,,,,,,,,,,,,,,,,,,,,,,,,,,,,,,,,,,,,,,,,,,,,,,,,,,,,,,,,,,,,,,,,,,,,,,,,,,,,,,,,,,,,,,,,,,,,,,,,,,,,,,,,,,,,,,,,,,,,,,,,,,,,,,,,,,,,,,,,,,,,,,,,,,,,,,,,,,,,,,,,,,,,,,,,,,,,,,,,,,,,,,,,,,,,,,,,,,,,,,,,,,,,,,,,,,,,,,,,,,,,,,,,,,,,,,,,,,,,,,,,,,,,,,,,,,,,,,,,,,,,,,,,,,,,,,,,,,,,,,,,,,,,,,,,,,,,,,,,,,,,,,,,,,,,,,,,,,,,,,,,,,,,,,,,,,,,,,,,,,,,,,,,,,,,,,,,,,,,,,,,,,,,,,,,,,,,,,,,,,,,,,,,,,,,,,,,,,,,,,,,,,,,,,,,,,,,,,,,,,,,,,,,,,,,,,,,,,,,,,,,,,,,,,,,,,,,,,,,,,,,,,,,,,,,,,,,,,,,,,,,,,,,,,,,,,,,,,,,,,,,,,,,,,,,,,,,,,,,,,,,,,,,,,,,,,,,,,,,,,,,,,,,,,,,,,,,,,,,,,,,,,,,,,,,,,,,,,,,,,,,,,,,,,,,,,,,,,,,,,,,,,,,,,,,,,,,,,,,,,,,,,,,,,,,,,,,,,,,,,,,,,,,,,,,,,,,,,,,,,,,,,,,,,,,,,,,,,,,,,,,,,,,,,,,,,,,,,,,,,,,,,,,,,,,,,,,,,,,,,,,,,,,,,,,,,,,,,,,,,,,,,,,,,,,,,,,,,,,,,,,,,,,,,,,,,,,,,,,,,,,
"#	Laser:	HP81680A",,,,,,,,,,,,,,,,,,,,,,,,,,,,,,,,,,,,,,,,,,,,,,,,,,,,,,,,,,,,,,,,,,,,,,,,,,,,,,,,,,,,,,,,,,,,,,,,,,,,,,,,,,,,,,,,,,,,,,,,,,,,,,,,,,,,,,,,,,,,,,,,,,,,,,,,,,,,,,,,,,,,,,,,,,,,,,,,,,,,,,,,,,,,,,,,,,,,,,,,,,,,,,,,,,,,,,,,,,,,,,,,,,,,,,,,,,,,,,,,,,,,,,,,,,,,,,,,,,,,,,,,,,,,,,,,,,,,,,,,,,,,,,,,,,,,,,,,,,,,,,,,,,,,,,,,,,,,,,,,,,,,,,,,,,,,,,,,,,,,,,,,,,,,,,,,,,,,,,,,,,,,,,,,,,,,,,,,,,,,,,,,,,,,,,,,,,,,,,,,,,,,,,,,,,,,,,,,,,,,,,,,,,,,,,,,,,,,,,,,,,,,,,,,,,,,,,,,,,,,,,,,,,,,,,,,,,,,,,,,,,,,,,,,,,,,,,,,,,,,,,,,,,,,,,,,,,,,,,,,,,,,,,,,,,,,,,,,,,,,,,,,,,,,,,,,,,,,,,,,,,,,,,,,,,,,,,,,,,,,,,,,,,,,,,,,,,,,,,,,,,,,,,,,,,,,,,,,,,,,,,,,,,,,,,,,,,,,,,,,,,,,,,,,,,,,,,,,,,,,,,,,,,,,,,,,,,,,,,,,,,,,,,,,,,,,,,,,,,,,,,,,,,,,,,,,,,,,,,,,,,,,,,,,,,,,,,,,,,,,,,,,,,,,,,,,,,,,,,,,,,,,,,,,,,,,,,,,,,,,,,,,,,,,,,,,,,,,,,,,,,,,,,,,,,,,,,,,,,,,,,,,,,,,,,,,,,,,,,,,,,,,,,,,,,,,,,,,,,,,,,,,,,,,,,,,,,,,,,,,,,,,,,,,,,,,,,,,,,,,,,,,,,,,,,,,,,,,,,,,,,,,,,,,,,,,,,,,,,,,,,,,,,,,,,,,,,,,,,,,,,,,,,,,,,,,,,,,,,,,,,,,,,,,,,,,,,,,,,,,,,,,,,,,,,,,,,,,,,,,,,,,,,,,,,,,,,,,,,,,,,,,,,,,,,,,,,,,,,,,,,,,,,,,,,,,,,,,,,,,,,,,,,,,,,,,,,,,,,,,,,,,,,,,,,,,,,,,,,,,,,,,,,,,,,,,,,,,,,,,,,,,,,,,,,,,,,,,,,,,,,,,,,,,,,,,,,,,,,,,,,,,,,,,,,,,,,,,,,,,,,,,,,,,,,,,,,,,,,,,,,,,,,,,,,,,,,,,,,,,,,,,,,,,,,,,,,,,,,,,,
"#	Detector:	HP81635A",,,,,,,,,,,,,,,,,,,,,,,,,,,,,,,,,,,,,,,,,,,,,,,,,,,,,,,,,,,,,,,,,,,,,,,,,,,,,,,,,,,,,,,,,,,,,,,,,,,,,,,,,,,,,,,,,,,,,,,,,,,,,,,,,,,,,,,,,,,,,,,,,,,,,,,,,,,,,,,,,,,,,,,,,,,,,,,,,,,,,,,,,,,,,,,,,,,,,,,,,,,,,,,,,,,,,,,,,,,,,,,,,,,,,,,,,,,,,,,,,,,,,,,,,,,,,,,,,,,,,,,,,,,,,,,,,,,,,,,,,,,,,,,,,,,,,,,,,,,,,,,,,,,,,,,,,,,,,,,,,,,,,,,,,,,,,,,,,,,,,,,,,,,,,,,,,,,,,,,,,,,,,,,,,,,,,,,,,,,,,,,,,,,,,,,,,,,,,,,,,,,,,,,,,,,,,,,,,,,,,,,,,,,,,,,,,,,,,,,,,,,,,,,,,,,,,,,,,,,,,,,,,,,,,,,,,,,,,,,,,,,,,,,,,,,,,,,,,,,,,,,,,,,,,,,,,,,,,,,,,,,,,,,,,,,,,,,,,,,,,,,,,,,,,,,,,,,,,,,,,,,,,,,,,,,,,,,,,,,,,,,,,,,,,,,,,,,,,,,,,,,,,,,,,,,,,,,,,,,,,,,,,,,,,,,,,,,,,,,,,,,,,,,,,,,,,,,,,,,,,,,,,,,,,,,,,,,,,,,,,,,,,,,,,,,,,,,,,,,,,,,,,,,,,,,,,,,,,,,,,,,,,,,,,,,,,,,,,,,,,,,,,,,,,,,,,,,,,,,,,,,,,,,,,,,,,,,,,,,,,,,,,,,,,,,,,,,,,,,,,,,,,,,,,,,,,,,,,,,,,,,,,,,,,,,,,,,,,,,,,,,,,,,,,,,,,,,,,,,,,,,,,,,,,,,,,,,,,,,,,,,,,,,,,,,,,,,,,,,,,,,,,,,,,,,,,,,,,,,,,,,,,,,,,,,,,,,,,,,,,,,,,,,,,,,,,,,,,,,,,,,,,,,,,,,,,,,,,,,,,,,,,,,,,,,,,,,,,,,,,,,,,,,,,,,,,,,,,,,,,,,,,,,,,,,,,,,,,,,,,,,,,,,,,,,,,,,,,,,,,,,,,,,,,,,,,,,,,,,,,,,,,,,,,,,,,,,,,,,,,,,,,,,,,,,,,,,,,,,,,,,,,,,,,,,,,,,,,,,,,,,,,,,,,,,,,,,,,,,,,,,,,,,,,,,,,,,,,,,,,,,,,,,,,,,,,,,,,,,,,,,,,,,,,,,,,,,,,,,,,,,,,,,,,,,,,,,,,,,,,,,,,,,,,,,,,,,,,,,,,
"#	Sweep speed:	5 nm/s",,,,,,,,,,,,,,,,,,,,,,,,,,,,,,,,,,,,,,,,,,,,,,,,,,,,,,,,,,,,,,,,,,,,,,,,,,,,,,,,,,,,,,,,,,,,,,,,,,,,,,,,,,,,,,,,,,,,,,,,,,,,,,,,,,,,,,,,,,,,,,,,,,,,,,,,,,,,,,,,,,,,,,,,,,,,,,,,,,,,,,,,,,,,,,,,,,,,,,,,,,,,,,,,,,,,,,,,,,,,,,,,,,,,,,,,,,,,,,,,,,,,,,,,,,,,,,,,,,,,,,,,,,,,,,,,,,,,,,,,,,,,,,,,,,,,,,,,,,,,,,,,,,,,,,,,,,,,,,,,,,,,,,,,,,,,,,,,,,,,,,,,,,,,,,,,,,,,,,,,,,,,,,,,,,,,,,,,,,,,,,,,,,,,,,,,,,,,,,,,,,,,,,,,,,,,,,,,,,,,,,,,,,,,,,,,,,,,,,,,,,,,,,,,,,,,,,,,,,,,,,,,,,,,,,,,,,,,,,,,,,,,,,,,,,,,,,,,,,,,,,,,,,,,,,,,,,,,,,,,,,,,,,,,,,,,,,,,,,,,,,,,,,,,,,,,,,,,,,,,,,,,,,,,,,,,,,,,,,,,,,,,,,,,,,,,,,,,,,,,,,,,,,,,,,,,,,,,,,,,,,,,,,,,,,,,,,,,,,,,,,,,,,,,,,,,,,,,,,,,,,,,,,,,,,,,,,,,,,,,,,,,,,,,,,,,,,,,,,,,,,,,,,,,,,,,,,,,,,,,,,,,,,,,,,,,,,,,,,,,,,,,,,,,,,,,,,,,,,,,,,,,,,,,,,,,,,,,,,,,,,,,,,,,,,,,,,,,,,,,,,,,,,,,,,,,,,,,,,,,,,,,,,,,,,,,,,,,,,,,,,,,,,,,,,,,,,,,,,,,,,,,,,,,,,,,,,,,,,,,,,,,,,,,,,,,,,,,,,,,,,,,,,,,,,,,,,,,,,,,,,,,,,,,,,,,,,,,,,,,,,,,,,,,,,,,,,,,,,,,,,,,,,,,,,,,,,,,,,,,,,,,,,,,,,,,,,,,,,,,,,,,,,,,,,,,,,,,,,,,,,,,,,,,,,,,,,,,,,,,,,,,,,,,,,,,,,,,,,,,,,,,,,,,,,,,,,,,,,,,,,,,,,,,,,,,,,,,,,,,,,,,,,,,,,,,,,,,,,,,,,,,,,,,,,,,,,,,,,,,,,,,,,,,,,,,,,,,,,,,,,,,,,,,,,,,,,,,,,,,,,,,,,,,,,,,,,,,,,,,,,,,,,,,,,,,,,,,,,,,,,,,,,,,,,,,,,,,,,,,,,,,,,,,,,,,,,,,,,,,,
"#	Number of datasets:	1 ",,,,,,,,,,,,,,,,,,,,,,,,,,,,,,,,,,,,,,,,,,,,,,,,,,,,,,,,,,,,,,,,,,,,,,,,,,,,,,,,,,,,,,,,,,,,,,,,,,,,,,,,,,,,,,,,,,,,,,,,,,,,,,,,,,,,,,,,,,,,,,,,,,,,,,,,,,,,,,,,,,,,,,,,,,,,,,,,,,,,,,,,,,,,,,,,,,,,,,,,,,,,,,,,,,,,,,,,,,,,,,,,,,,,,,,,,,,,,,,,,,,,,,,,,,,,,,,,,,,,,,,,,,,,,,,,,,,,,,,,,,,,,,,,,,,,,,,,,,,,,,,,,,,,,,,,,,,,,,,,,,,,,,,,,,,,,,,,,,,,,,,,,,,,,,,,,,,,,,,,,,,,,,,,,,,,,,,,,,,,,,,,,,,,,,,,,,,,,,,,,,,,,,,,,,,,,,,,,,,,,,,,,,,,,,,,,,,,,,,,,,,,,,,,,,,,,,,,,,,,,,,,,,,,,,,,,,,,,,,,,,,,,,,,,,,,,,,,,,,,,,,,,,,,,,,,,,,,,,,,,,,,,,,,,,,,,,,,,,,,,,,,,,,,,,,,,,,,,,,,,,,,,,,,,,,,,,,,,,,,,,,,,,,,,,,,,,,,,,,,,,,,,,,,,,,,,,,,,,,,,,,,,,,,,,,,,,,,,,,,,,,,,,,,,,,,,,,,,,,,,,,,,,,,,,,,,,,,,,,,,,,,,,,,,,,,,,,,,,,,,,,,,,,,,,,,,,,,,,,,,,,,,,,,,,,,,,,,,,,,,,,,,,,,,,,,,,,,,,,,,,,,,,,,,,,,,,,,,,,,,,,,,,,,,,,,,,,,,,,,,,,,,,,,,,,,,,,,,,,,,,,,,,,,,,,,,,,,,,,,,,,,,,,,,,,,,,,,,,,,,,,,,,,,,,,,,,,,,,,,,,,,,,,,,,,,,,,,,,,,,,,,,,,,,,,,,,,,,,,,,,,,,,,,,,,,,,,,,,,,,,,,,,,,,,,,,,,,,,,,,,,,,,,,,,,,,,,,,,,,,,,,,,,,,,,,,,,,,,,,,,,,,,,,,,,,,,,,,,,,,,,,,,,,,,,,,,,,,,,,,,,,,,,,,,,,,,,,,,,,,,,,,,,,,,,,,,,,,,,,,,,,,,,,,,,,,,,,,,,,,,,,,,,,,,,,,,,,,,,,,,,,,,,,,,,,,,,,,,,,,,,,,,,,,,,,,,,,,,,,,,,,,,,,,,,,,,,,,,,,,,,,,,,,,,,,,,,,,,,,,,,,,,,,,,,,,,,,,,,,,,,,,,,,,,,,,,,,,,,,,,,,,,,,,,,,,,,,,,,,,
"#	Laser power:	-3 dBm",,,,,,,,,,,,,,,,,,,,,,,,,,,,,,,,,,,,,,,,,,,,,,,,,,,,,,,,,,,,,,,,,,,,,,,,,,,,,,,,,,,,,,,,,,,,,,,,,,,,,,,,,,,,,,,,,,,,,,,,,,,,,,,,,,,,,,,,,,,,,,,,,,,,,,,,,,,,,,,,,,,,,,,,,,,,,,,,,,,,,,,,,,,,,,,,,,,,,,,,,,,,,,,,,,,,,,,,,,,,,,,,,,,,,,,,,,,,,,,,,,,,,,,,,,,,,,,,,,,,,,,,,,,,,,,,,,,,,,,,,,,,,,,,,,,,,,,,,,,,,,,,,,,,,,,,,,,,,,,,,,,,,,,,,,,,,,,,,,,,,,,,,,,,,,,,,,,,,,,,,,,,,,,,,,,,,,,,,,,,,,,,,,,,,,,,,,,,,,,,,,,,,,,,,,,,,,,,,,,,,,,,,,,,,,,,,,,,,,,,,,,,,,,,,,,,,,,,,,,,,,,,,,,,,,,,,,,,,,,,,,,,,,,,,,,,,,,,,,,,,,,,,,,,,,,,,,,,,,,,,,,,,,,,,,,,,,,,,,,,,,,,,,,,,,,,,,,,,,,,,,,,,,,,,,,,,,,,,,,,,,,,,,,,,,,,,,,,,,,,,,,,,,,,,,,,,,,,,,,,,,,,,,,,,,,,,,,,,,,,,,,,,,,,,,,,,,,,,,,,,,,,,,,,,,,,,,,,,,,,,,,,,,,,,,,,,,,,,,,,,,,,,,,,,,,,,,,,,,,,,,,,,,,,,,,,,,,,,,,,,,,,,,,,,,,,,,,,,,,,,,,,,,,,,,,,,,,,,,,,,,,,,,,,,,,,,,,,,,,,,,,,,,,,,,,,,,,,,,,,,,,,,,,,,,,,,,,,,,,,,,,,,,,,,,,,,,,,,,,,,,,,,,,,,,,,,,,,,,,,,,,,,,,,,,,,,,,,,,,,,,,,,,,,,,,,,,,,,,,,,,,,,,,,,,,,,,,,,,,,,,,,,,,,,,,,,,,,,,,,,,,,,,,,,,,,,,,,,,,,,,,,,,,,,,,,,,,,,,,,,,,,,,,,,,,,,,,,,,,,,,,,,,,,,,,,,,,,,,,,,,,,,,,,,,,,,,,,,,,,,,,,,,,,,,,,,,,,,,,,,,,,,,,,,,,,,,,,,,,,,,,,,,,,,,,,,,,,,,,,,,,,,,,,,,,,,,,,,,,,,,,,,,,,,,,,,,,,,,,,,,,,,,,,,,,,,,,,,,,,,,,,,,,,,,,,,,,,,,,,,,,,,,,,,,,,,,,,,,,,,,,,,,,,,,,,,,,,,,,,,,,,,,,,,,,,,,,,,,,,,
"#	Wavelength step-size:	0.1 nm",,,,,,,,,,,,,,,,,,,,,,,,,,,,,,,,,,,,,,,,,,,,,,,,,,,,,,,,,,,,,,,,,,,,,,,,,,,,,,,,,,,,,,,,,,,,,,,,,,,,,,,,,,,,,,,,,,,,,,,,,,,,,,,,,,,,,,,,,,,,,,,,,,,,,,,,,,,,,,,,,,,,,,,,,,,,,,,,,,,,,,,,,,,,,,,,,,,,,,,,,,,,,,,,,,,,,,,,,,,,,,,,,,,,,,,,,,,,,,,,,,,,,,,,,,,,,,,,,,,,,,,,,,,,,,,,,,,,,,,,,,,,,,,,,,,,,,,,,,,,,,,,,,,,,,,,,,,,,,,,,,,,,,,,,,,,,,,,,,,,,,,,,,,,,,,,,,,,,,,,,,,,,,,,,,,,,,,,,,,,,,,,,,,,,,,,,,,,,,,,,,,,,,,,,,,,,,,,,,,,,,,,,,,,,,,,,,,,,,,,,,,,,,,,,,,,,,,,,,,,,,,,,,,,,,,,,,,,,,,,,,,,,,,,,,,,,,,,,,,,,,,,,,,,,,,,,,,,,,,,,,,,,,,,,,,,,,,,,,,,,,,,,,,,,,,,,,,,,,,,,,,,,,,,,,,,,,,,,,,,,,,,,,,,,,,,,,,,,,,,,,,,,,,,,,,,,,,,,,,,,,,,,,,,,,,,,,,,,,,,,,,,,,,,,,,,,,,,,,,,,,,,,,,,,,,,,,,,,,,,,,,,,,,,,,,,,,,,,,,,,,,,,,,,,,,,,,,,,,,,,,,,,,,,,,,,,,,,,,,,,,,,,,,,,,,,,,,,,,,,,,,,,,,,,,,,,,,,,,,,,,,,,,,,,,,,,,,,,,,,,,,,,,,,,,,,,,,,,,,,,,,,,,,,,,,,,,,,,,,,,,,,,,,,,,,,,,,,,,,,,,,,,,,,,,,,,,,,,,,,,,,,,,,,,,,,,,,,,,,,,,,,,,,,,,,,,,,,,,,,,,,,,,,,,,,,,,,,,,,,,,,,,,,,,,,,,,,,,,,,,,,,,,,,,,,,,,,,,,,,,,,,,,,,,,,,,,,,,,,,,,,,,,,,,,,,,,,,,,,,,,,,,,,,,,,,,,,,,,,,,,,,,,,,,,,,,,,,,,,,,,,,,,,,,,,,,,,,,,,,,,,,,,,,,,,,,,,,,,,,,,,,,,,,,,,,,,,,,,,,,,,,,,,,,,,,,,,,,,,,,,,,,,,,,,,,,,,,,,,,,,,,,,,,,,,,,,,,,,,,,,,,,,,,,,,,,,,,,,,,,,,,,,,,,,,,,,,,,,,,,,,,,,,,,,,,,,,,,,,,,,,,,,,,,,,,,,,,,,,,,
"#	Start wavelength:	1457 nm",,,,,,,,,,,,,,,,,,,,,,,,,,,,,,,,,,,,,,,,,,,,,,,,,,,,,,,,,,,,,,,,,,,,,,,,,,,,,,,,,,,,,,,,,,,,,,,,,,,,,,,,,,,,,,,,,,,,,,,,,,,,,,,,,,,,,,,,,,,,,,,,,,,,,,,,,,,,,,,,,,,,,,,,,,,,,,,,,,,,,,,,,,,,,,,,,,,,,,,,,,,,,,,,,,,,,,,,,,,,,,,,,,,,,,,,,,,,,,,,,,,,,,,,,,,,,,,,,,,,,,,,,,,,,,,,,,,,,,,,,,,,,,,,,,,,,,,,,,,,,,,,,,,,,,,,,,,,,,,,,,,,,,,,,,,,,,,,,,,,,,,,,,,,,,,,,,,,,,,,,,,,,,,,,,,,,,,,,,,,,,,,,,,,,,,,,,,,,,,,,,,,,,,,,,,,,,,,,,,,,,,,,,,,,,,,,,,,,,,,,,,,,,,,,,,,,,,,,,,,,,,,,,,,,,,,,,,,,,,,,,,,,,,,,,,,,,,,,,,,,,,,,,,,,,,,,,,,,,,,,,,,,,,,,,,,,,,,,,,,,,,,,,,,,,,,,,,,,,,,,,,,,,,,,,,,,,,,,,,,,,,,,,,,,,,,,,,,,,,,,,,,,,,,,,,,,,,,,,,,,,,,,,,,,,,,,,,,,,,,,,,,,,,,,,,,,,,,,,,,,,,,,,,,,,,,,,,,,,,,,,,,,,,,,,,,,,,,,,,,,,,,,,,,,,,,,,,,,,,,,,,,,,,,,,,,,,,,,,,,,,,,,,,,,,,,,,,,,,,,,,,,,,,,,,,,,,,,,,,,,,,,,,,,,,,,,,,,,,,,,,,,,,,,,,,,,,,,,,,,,,,,,,,,,,,,,,,,,,,,,,,,,,,,,,,,,,,,,,,,,,,,,,,,,,,,,,,,,,,,,,,,,,,,,,,,,,,,,,,,,,,,,,,,,,,,,,,,,,,,,,,,,,,,,,,,,,,,,,,,,,,,,,,,,,,,,,,,,,,,,,,,,,,,,,,,,,,,,,,,,,,,,,,,,,,,,,,,,,,,,,,,,,,,,,,,,,,,,,,,,,,,,,,,,,,,,,,,,,,,,,,,,,,,,,,,,,,,,,,,,,,,,,,,,,,,,,,,,,,,,,,,,,,,,,,,,,,,,,,,,,,,,,,,,,,,,,,,,,,,,,,,,,,,,,,,,,,,,,,,,,,,,,,,,,,,,,,,,,,,,,,,,,,,,,,,,,,,,,,,,,,,,,,,,,,,,,,,,,,,,,,,,,,,,,,,,,,,,,,,,,,,,,,,,,,,,,,,,,,,,,,,,,,,,,,,,,,,,,,,,
"#	Stop wavelength:	1583 nm",,,,,,,,,,,,,,,,,,,,,,,,,,,,,,,,,,,,,,,,,,,,,,,,,,,,,,,,,,,,,,,,,,,,,,,,,,,,,,,,,,,,,,,,,,,,,,,,,,,,,,,,,,,,,,,,,,,,,,,,,,,,,,,,,,,,,,,,,,,,,,,,,,,,,,,,,,,,,,,,,,,,,,,,,,,,,,,,,,,,,,,,,,,,,,,,,,,,,,,,,,,,,,,,,,,,,,,,,,,,,,,,,,,,,,,,,,,,,,,,,,,,,,,,,,,,,,,,,,,,,,,,,,,,,,,,,,,,,,,,,,,,,,,,,,,,,,,,,,,,,,,,,,,,,,,,,,,,,,,,,,,,,,,,,,,,,,,,,,,,,,,,,,,,,,,,,,,,,,,,,,,,,,,,,,,,,,,,,,,,,,,,,,,,,,,,,,,,,,,,,,,,,,,,,,,,,,,,,,,,,,,,,,,,,,,,,,,,,,,,,,,,,,,,,,,,,,,,,,,,,,,,,,,,,,,,,,,,,,,,,,,,,,,,,,,,,,,,,,,,,,,,,,,,,,,,,,,,,,,,,,,,,,,,,,,,,,,,,,,,,,,,,,,,,,,,,,,,,,,,,,,,,,,,,,,,,,,,,,,,,,,,,,,,,,,,,,,,,,,,,,,,,,,,,,,,,,,,,,,,,,,,,,,,,,,,,,,,,,,,,,,,,,,,,,,,,,,,,,,,,,,,,,,,,,,,,,,,,,,,,,,,,,,,,,,,,,,,,,,,,,,,,,,,,,,,,,,,,,,,,,,,,,,,,,,,,,,,,,,,,,,,,,,,,,,,,,,,,,,,,,,,,,,,,,,,,,,,,,,,,,,,,,,,,,,,,,,,,,,,,,,,,,,,,,,,,,,,,,,,,,,,,,,,,,,,,,,,,,,,,,,,,,,,,,,,,,,,,,,,,,,,,,,,,,,,,,,,,,,,,,,,,,,,,,,,,,,,,,,,,,,,,,,,,,,,,,,,,,,,,,,,,,,,,,,,,,,,,,,,,,,,,,,,,,,,,,,,,,,,,,,,,,,,,,,,,,,,,,,,,,,,,,,,,,,,,,,,,,,,,,,,,,,,,,,,,,,,,,,,,,,,,,,,,,,,,,,,,,,,,,,,,,,,,,,,,,,,,,,,,,,,,,,,,,,,,,,,,,,,,,,,,,,,,,,,,,,,,,,,,,,,,,,,,,,,,,,,,,,,,,,,,,,,,,,,,,,,,,,,,,,,,,,,,,,,,,,,,,,,,,,,,,,,,,,,,,,,,,,,,,,,,,,,,,,,,,,,,,,,,,,,,,,,,,,,,,,,,,,,,,,,,,,,,,,,,,,,,,,,,,,,,,,,,,,,,,,,,,,,,
"#	Stitch count:	0 ",,,,,,,,,,,,,,,,,,,,,,,,,,,,,,,,,,,,,,,,,,,,,,,,,,,,,,,,,,,,,,,,,,,,,,,,,,,,,,,,,,,,,,,,,,,,,,,,,,,,,,,,,,,,,,,,,,,,,,,,,,,,,,,,,,,,,,,,,,,,,,,,,,,,,,,,,,,,,,,,,,,,,,,,,,,,,,,,,,,,,,,,,,,,,,,,,,,,,,,,,,,,,,,,,,,,,,,,,,,,,,,,,,,,,,,,,,,,,,,,,,,,,,,,,,,,,,,,,,,,,,,,,,,,,,,,,,,,,,,,,,,,,,,,,,,,,,,,,,,,,,,,,,,,,,,,,,,,,,,,,,,,,,,,,,,,,,,,,,,,,,,,,,,,,,,,,,,,,,,,,,,,,,,,,,,,,,,,,,,,,,,,,,,,,,,,,,,,,,,,,,,,,,,,,,,,,,,,,,,,,,,,,,,,,,,,,,,,,,,,,,,,,,,,,,,,,,,,,,,,,,,,,,,,,,,,,,,,,,,,,,,,,,,,,,,,,,,,,,,,,,,,,,,,,,,,,,,,,,,,,,,,,,,,,,,,,,,,,,,,,,,,,,,,,,,,,,,,,,,,,,,,,,,,,,,,,,,,,,,,,,,,,,,,,,,,,,,,,,,,,,,,,,,,,,,,,,,,,,,,,,,,,,,,,,,,,,,,,,,,,,,,,,,,,,,,,,,,,,,,,,,,,,,,,,,,,,,,,,,,,,,,,,,,,,,,,,,,,,,,,,,,,,,,,,,,,,,,,,,,,,,,,,,,,,,,,,,,,,,,,,,,,,,,,,,,,,,,,,,,,,,,,,,,,,,,,,,,,,,,,,,,,,,,,,,,,,,,,,,,,,,,,,,,,,,,,,,,,,,,,,,,,,,,,,,,,,,,,,,,,,,,,,,,,,,,,,,,,,,,,,,,,,,,,,,,,,,,,,,,,,,,,,,,,,,,,,,,,,,,,,,,,,,,,,,,,,,,,,,,,,,,,,,,,,,,,,,,,,,,,,,,,,,,,,,,,,,,,,,,,,,,,,,,,,,,,,,,,,,,,,,,,,,,,,,,,,,,,,,,,,,,,,,,,,,,,,,,,,,,,,,,,,,,,,,,,,,,,,,,,,,,,,,,,,,,,,,,,,,,,,,,,,,,,,,,,,,,,,,,,,,,,,,,,,,,,,,,,,,,,,,,,,,,,,,,,,,,,,,,,,,,,,,,,,,,,,,,,,,,,,,,,,,,,,,,,,,,,,,,,,,,,,,,,,,,,,,,,,,,,,,,,,,,,,,,,,,,,,,,,,,,,,,,,,,,,,,,,,,,,,,,,,,,,,,,,,,,,,,,,,,,,,,,,,,,,,,,,,,,,
"#	Init Range:	-10 ",,,,,,,,,,,,,,,,,,,,,,,,,,,,,,,,,,,,,,,,,,,,,,,,,,,,,,,,,,,,,,,,,,,,,,,,,,,,,,,,,,,,,,,,,,,,,,,,,,,,,,,,,,,,,,,,,,,,,,,,,,,,,,,,,,,,,,,,,,,,,,,,,,,,,,,,,,,,,,,,,,,,,,,,,,,,,,,,,,,,,,,,,,,,,,,,,,,,,,,,,,,,,,,,,,,,,,,,,,,,,,,,,,,,,,,,,,,,,,,,,,,,,,,,,,,,,,,,,,,,,,,,,,,,,,,,,,,,,,,,,,,,,,,,,,,,,,,,,,,,,,,,,,,,,,,,,,,,,,,,,,,,,,,,,,,,,,,,,,,,,,,,,,,,,,,,,,,,,,,,,,,,,,,,,,,,,,,,,,,,,,,,,,,,,,,,,,,,,,,,,,,,,,,,,,,,,,,,,,,,,,,,,,,,,,,,,,,,,,,,,,,,,,,,,,,,,,,,,,,,,,,,,,,,,,,,,,,,,,,,,,,,,,,,,,,,,,,,,,,,,,,,,,,,,,,,,,,,,,,,,,,,,,,,,,,,,,,,,,,,,,,,,,,,,,,,,,,,,,,,,,,,,,,,,,,,,,,,,,,,,,,,,,,,,,,,,,,,,,,,,,,,,,,,,,,,,,,,,,,,,,,,,,,,,,,,,,,,,,,,,,,,,,,,,,,,,,,,,,,,,,,,,,,,,,,,,,,,,,,,,,,,,,,,,,,,,,,,,,,,,,,,,,,,,,,,,,,,,,,,,,,,,,,,,,,,,,,,,,,,,,,,,,,,,,,,,,,,,,,,,,,,,,,,,,,,,,,,,,,,,,,,,,,,,,,,,,,,,,,,,,,,,,,,,,,,,,,,,,,,,,,,,,,,,,,,,,,,,,,,,,,,,,,,,,,,,,,,,,,,,,,,,,,,,,,,,,,,,,,,,,,,,,,,,,,,,,,,,,,,,,,,,,,,,,,,,,,,,,,,,,,,,,,,,,,,,,,,,,,,,,,,,,,,,,,,,,,,,,,,,,,,,,,,,,,,,,,,,,,,,,,,,,,,,,,,,,,,,,,,,,,,,,,,,,,,,,,,,,,,,,,,,,,,,,,,,,,,,,,,,,,,,,,,,,,,,,,,,,,,,,,,,,,,,,,,,,,,,,,,,,,,,,,,,,,,,,,,,,,,,,,,,,,,,,,,,,,,,,,,,,,,,,,,,,,,,,,,,,,,,,,,,,,,,,,,,,,,,,,,,,,,,,,,,,,,,,,,,,,,,,,,,,,,,,,,,,,,,,,,,,,,,,,,,,,,,,,,,,,,,,,,,,,,,,,,,,,,,,,,,,,,,,,,,,,,,,,,,,,,,
"#	New sweep plot behavior:	add",,,,,,,,,,,,,,,,,,,,,,,,,,,,,,,,,,,,,,,,,,,,,,,,,,,,,,,,,,,,,,,,,,,,,,,,,,,,,,,,,,,,,,,,,,,,,,,,,,,,,,,,,,,,,,,,,,,,,,,,,,,,,,,,,,,,,,,,,,,,,,,,,,,,,,,,,,,,,,,,,,,,,,,,,,,,,,,,,,,,,,,,,,,,,,,,,,,,,,,,,,,,,,,,,,,,,,,,,,,,,,,,,,,,,,,,,,,,,,,,,,,,,,,,,,,,,,,,,,,,,,,,,,,,,,,,,,,,,,,,,,,,,,,,,,,,,,,,,,,,,,,,,,,,,,,,,,,,,,,,,,,,,,,,,,,,,,,,,,,,,,,,,,,,,,,,,,,,,,,,,,,,,,,,,,,,,,,,,,,,,,,,,,,,,,,,,,,,,,,,,,,,,,,,,,,,,,,,,,,,,,,,,,,,,,,,,,,,,,,,,,,,,,,,,,,,,,,,,,,,,,,,,,,,,,,,,,,,,,,,,,,,,,,,,,,,,,,,,,,,,,,,,,,,,,,,,,,,,,,,,,,,,,,,,,,,,,,,,,,,,,,,,,,,,,,,,,,,,,,,,,,,,,,,,,,,,,,,,,,,,,,,,,,,,,,,,,,,,,,,,,,,,,,,,,,,,,,,,,,,,,,,,,,,,,,,,,,,,,,,,,,,,,,,,,,,,,,,,,,,,,,,,,,,,,,,,,,,,,,,,,,,,,,,,,,,,,,,,,,,,,,,,,,,,,,,,,,,,,,,,,,,,,,,,,,,,,,,,,,,,,,,,,,,,,,,,,,,,,,,,,,,,,,,,,,,,,,,,,,,,,,,,,,,,,,,,,,,,,,,,,,,,,,,,,,,,,,,,,,,,,,,,,,,,,,,,,,,,,,,,,,,,,,,,,,,,,,,,,,,,,,,,,,,,,,,,,,,,,,,,,,,,,,,,,,,,,,,,,,,,,,,,,,,,,,,,,,,,,,,,,,,,,,,,,,,,,,,,,,,,,,,,,,,,,,,,,,,,,,,,,,,,,,,,,,,,,,,,,,,,,,,,,,,,,,,,,,,,,,,,,,,,,,,,,,,,,,,,,,,,,,,,,,,,,,,,,,,,,,,,,,,,,,,,,,,,,,,,,,,,,,,,,,,,,,,,,,,,,,,,,,,,,,,,,,,,,,,,,,,,,,,,,,,,,,,,,,,,,,,,,,,,,,,,,,,,,,,,,,,,,,,,,,,,,,,,,,,,,,,,,,,,,,,,,,,,,,,,,,,,,,,,,,,,,,,,,,,,,,,,,,,,,,,,,,,,,,,,,,,,,,,,,,,,,,,,,,,,,,,,,,,,,,,,,,,,,,,,,,,,
"#	Turn off laser when done:	yes",,,,,,,,,,,,,,,,,,,,,,,,,,,,,,,,,,,,,,,,,,,,,,,,,,,,,,,,,,,,,,,,,,,,,,,,,,,,,,,,,,,,,,,,,,,,,,,,,,,,,,,,,,,,,,,,,,,,,,,,,,,,,,,,,,,,,,,,,,,,,,,,,,,,,,,,,,,,,,,,,,,,,,,,,,,,,,,,,,,,,,,,,,,,,,,,,,,,,,,,,,,,,,,,,,,,,,,,,,,,,,,,,,,,,,,,,,,,,,,,,,,,,,,,,,,,,,,,,,,,,,,,,,,,,,,,,,,,,,,,,,,,,,,,,,,,,,,,,,,,,,,,,,,,,,,,,,,,,,,,,,,,,,,,,,,,,,,,,,,,,,,,,,,,,,,,,,,,,,,,,,,,,,,,,,,,,,,,,,,,,,,,,,,,,,,,,,,,,,,,,,,,,,,,,,,,,,,,,,,,,,,,,,,,,,,,,,,,,,,,,,,,,,,,,,,,,,,,,,,,,,,,,,,,,,,,,,,,,,,,,,,,,,,,,,,,,,,,,,,,,,,,,,,,,,,,,,,,,,,,,,,,,,,,,,,,,,,,,,,,,,,,,,,,,,,,,,,,,,,,,,,,,,,,,,,,,,,,,,,,,,,,,,,,,,,,,,,,,,,,,,,,,,,,,,,,,,,,,,,,,,,,,,,,,,,,,,,,,,,,,,,,,,,,,,,,,,,,,,,,,,,,,,,,,,,,,,,,,,,,,,,,,,,,,,,,,,,,,,,,,,,,,,,,,,,,,,,,,,,,,,,,,,,,,,,,,,,,,,,,,,,,,,,,,,,,,,,,,,,,,,,,,,,,,,,,,,,,,,,,,,,,,,,,,,,,,,,,,,,,,,,,,,,,,,,,,,,,,,,,,,,,,,,,,,,,,,,,,,,,,,,,,,,,,,,,,,,,,,,,,,,,,,,,,,,,,,,,,,,,,,,,,,,,,,,,,,,,,,,,,,,,,,,,,,,,,,,,,,,,,,,,,,,,,,,,,,,,,,,,,,,,,,,,,,,,,,,,,,,,,,,,,,,,,,,,,,,,,,,,,,,,,,,,,,,,,,,,,,,,,,,,,,,,,,,,,,,,,,,,,,,,,,,,,,,,,,,,,,,,,,,,,,,,,,,,,,,,,,,,,,,,,,,,,,,,,,,,,,,,,,,,,,,,,,,,,,,,,,,,,,,,,,,,,,,,,,,,,,,,,,,,,,,,,,,,,,,,,,,,,,,,,,,,,,,,,,,,,,,,,,,,,,,,,,,,,,,,,,,,,,,,,,,,,,,,,,,,,,,,,,,,,,,,,,,,,,,,,,,,,,,,,,,,,,,,,,,,,,,,,,,,,,,,,,,,,,,,,,,,,
#Metric Tag, value [, value],,,,,,,,,,,,,,,,,,,,,,,,,,,,,,,,,,,,,,,,,,,,,,,,,,,,,,,,,,,,,,,,,,,,,,,,,,,,,,,,,,,,,,,,,,,,,,,,,,,,,,,,,,,,,,,,,,,,,,,,,,,,,,,,,,,,,,,,,,,,,,,,,,,,,,,,,,,,,,,,,,,,,,,,,,,,,,,,,,,,,,,,,,,,,,,,,,,,,,,,,,,,,,,,,,,,,,,,,,,,,,,,,,,,,,,,,,,,,,,,,,,,,,,,,,,,,,,,,,,,,,,,,,,,,,,,,,,,,,,,,,,,,,,,,,,,,,,,,,,,,,,,,,,,,,,,,,,,,,,,,,,,,,,,,,,,,,,,,,,,,,,,,,,,,,,,,,,,,,,,,,,,,,,,,,,,,,,,,,,,,,,,,,,,,,,,,,,,,,,,,,,,,,,,,,,,,,,,,,,,,,,,,,,,,,,,,,,,,,,,,,,,,,,,,,,,,,,,,,,,,,,,,,,,,,,,,,,,,,,,,,,,,,,,,,,,,,,,,,,,,,,,,,,,,,,,,,,,,,,,,,,,,,,,,,,,,,,,,,,,,,,,,,,,,,,,,,,,,,,,,,,,,,,,,,,,,,,,,,,,,,,,,,,,,,,,,,,,,,,,,,,,,,,,,,,,,,,,,,,,,,,,,,,,,,,,,,,,,,,,,,,,,,,,,,,,,,,,,,,,,,,,,,,,,,,,,,,,,,,,,,,,,,,,,,,,,,,,,,,,,,,,,,,,,,,,,,,,,,,,,,,,,,,,,,,,,,,,,,,,,,,,,,,,,,,,,,,,,,,,,,,,,,,,,,,,,,,,,,,,,,,,,,,,,,,,,,,,,,,,,,,,,,,,,,,,,,,,,,,,,,,,,,,,,,,,,,,,,,,,,,,,,,,,,,,,,,,,,,,,,,,,,,,,,,,,,,,,,,,,,,,,,,,,,,,,,,,,,,,,,,,,,,,,,,,,,,,,,,,,,,,,,,,,,,,,,,,,,,,,,,,,,,,,,,,,,,,,,,,,,,,,,,,,,,,,,,,,,,,,,,,,,,,,,,,,,,,,,,,,,,,,,,,,,,,,,,,,,,,,,,,,,,,,,,,,,,,,,,,,,,,,,,,,,,,,,,,,,,,,,,,,,,,,,,,,,,,,,,,,,,,,,,,,,,,,,,,,,,,,,,,,,,,,,,,,,,,,,,,,,,,,,,,,,,,,,,,,,,,,,,,,,,,,,,,,,,,,,,,,,,,,,,,,,,,,,,,,,,,,,,,,,,,,,,,,,,,,,,,,,,,,,,,,,,,,,,,,,,,,,,,,,,,,,,,,,,,,,,,,,,,,,,,,,,,,,,,,,,,
wavelength,1457,1457.1,1457.2,1457.3,1457.4,1457.5,1457.6,1457.7,1457.8,1457.9,1458,1458.1,1458.2,1458.3,1458.4,1458.5,1458.6,1458.7,1458.8,1458.9,1459,1459.1,1459.2,1459.3,1459.4,1459.5,1459.6,1459.7,1459.8,1459.9,1460,1460.1,1460.2,1460.3,1460.4,1460.5,1460.6,1460.7,1460.8,1460.9,1461,1461.1,1461.2,1461.3,1461.4,1461.5,1461.6,1461.7,1461.8,1461.9,1462,1462.1,1462.2,1462.3,1462.4,1462.5,1462.6,1462.7,1462.8,1462.9,1463,1463.1,1463.2,1463.3,1463.4,1463.5,1463.6,1463.7,1463.8,1463.9,1464,1464.1,1464.2,1464.3,1464.4,1464.5,1464.6,1464.7,1464.8,1464.9,1465,1465.1,1465.2,1465.3,1465.4,1465.5,1465.6,1465.7,1465.8,1465.9,1466,1466.1,1466.2,1466.3,1466.4,1466.5,1466.6,1466.7,1466.8,1466.9,1467,1467.1,1467.2,1467.3,1467.4,1467.5,1467.6,1467.7,1467.8,1467.9,1468,1468.1,1468.2,1468.3,1468.4,1468.5,1468.6,1468.7,1468.8,1468.9,1469,1469.1,1469.2,1469.3,1469.4,1469.5,1469.6,1469.7,1469.8,1469.9,1470,1470.1,1470.2,1470.3,1470.4,1470.5,1470.6,1470.7,1470.8,1470.9,1471,1471.1,1471.2,1471.3,1471.4,1471.5,1471.6,1471.7,1471.8,1471.9,1472,1472.1,1472.2,1472.3,1472.4,1472.5,1472.6,1472.7,1472.8,1472.9,1473,1473.1,1473.2,1473.3,1473.4,1473.5,1473.6,1473.7,1473.8,1473.9,1474,1474.1,1474.2,1474.3,1474.4,1474.5,1474.6,1474.7,1474.8,1474.9,1475,1475.1,1475.2,1475.3,1475.4,1475.5,1475.6,1475.7,1475.8,1475.9,1476,1476.1,1476.2,1476.3,1476.4,1476.5,1476.6,1476.7,1476.8,1476.9,1477,1477.1,1477.2,1477.3,1477.4,1477.5,1477.6,1477.7,1477.8,1477.9,1478,1478.1,1478.2,1478.3,1478.4,1478.5,1478.6,1478.7,1478.8,1478.9,1479,1479.1,1479.2,1479.3,1479.4,1479.5,1479.6,1479.7,1479.8,1479.9,1480,1480.1,1480.2,1480.3,1480.4,1480.5,1480.6,1480.7,1480.8,1480.9,1481,1481.1,1481.2,1481.3,1481.4,1481.5,1481.6,1481.7,1481.8,1481.9,1482,1482.1,1482.2,1482.3,1482.4,1482.5,1482.6,1482.7,1482.8,1482.9,1483,1483.1,1483.2,1483.3,1483.4,1483.5,1483.6,1483.7,1483.8,1483.9,1484,1484.1,1484.2,1484.3,1484.4,1484.5,1484.6,1484.7,1484.8,1484.9,1485,1485.1,1485.2,1485.3,1485.4,1485.5,1485.6,1485.7,1485.8,1485.9,1486,1486.1,1486.2,1486.3,1486.4,1486.5,1486.6,1486.7,1486.8,1486.9,1487,1487.1,1487.2,1487.3,1487.4,1487.5,1487.6,1487.7,1487.8,1487.9,1488,1488.1,1488.2,1488.3,1488.4,1488.5,1488.6,1488.7,1488.8,1488.9,1489,1489.1,1489.2,1489.3,1489.4,1489.5,1489.6,1489.7,1489.8,1489.9,1490,1490.1,1490.2,1490.3,1490.4,1490.5,1490.6,1490.7,1490.8,1490.9,1491,1491.1,1491.2,1491.3,1491.4,1491.5,1491.6,1491.7,1491.8,1491.9,1492,1492.1,1492.2,1492.3,1492.4,1492.5,1492.6,1492.7,1492.8,1492.9,1493,1493.1,1493.2,1493.3,1493.4,1493.5,1493.6,1493.7,1493.8,1493.9,1494,1494.1,1494.2,1494.3,1494.4,1494.5,1494.6,1494.7,1494.8,1494.9,1495,1495.1,1495.2,1495.3,1495.4,1495.5,1495.6,1495.7,1495.8,1495.9,1496,1496.1,1496.2,1496.3,1496.4,1496.5,1496.6,1496.7,1496.8,1496.9,1497,1497.1,1497.2,1497.3,1497.4,1497.5,1497.6,1497.7,1497.8,1497.9,1498,1498.1,1498.2,1498.3,1498.4,1498.5,1498.6,1498.7,1498.8,1498.9,1499,1499.1,1499.2,1499.3,1499.4,1499.5,1499.6,1499.7,1499.8,1499.9,1500,1500.1,1500.2,1500.3,1500.4,1500.5,1500.6,1500.7,1500.8,1500.9,1501,1501.1,1501.2,1501.3,1501.4,1501.5,1501.6,1501.7,1501.8,1501.9,1502,1502.1,1502.2,1502.3,1502.4,1502.5,1502.6,1502.7,1502.8,1502.9,1503,1503.1,1503.2,1503.3,1503.4,1503.5,1503.6,1503.7,1503.8,1503.9,1504,1504.1,1504.2,1504.3,1504.4,1504.5,1504.6,1504.7,1504.8,1504.9,1505,1505.1,1505.2,1505.3,1505.4,1505.5,1505.6,1505.7,1505.8,1505.9,1506,1506.1,1506.2,1506.3,1506.4,1506.5,1506.6,1506.7,1506.8,1506.9,1507,1507.1,1507.2,1507.3,1507.4,1507.5,1507.6,1507.7,1507.8,1507.9,1508,1508.1,1508.2,1508.3,1508.4,1508.5,1508.6,1508.7,1508.8,1508.9,1509,1509.1,1509.2,1509.3,1509.4,1509.5,1509.6,1509.7,1509.8,1509.9,1510,1510.1,1510.2,1510.3,1510.4,1510.5,1510.6,1510.7,1510.8,1510.9,1511,1511.1,1511.2,1511.3,1511.4,1511.5,1511.6,1511.7,1511.8,1511.9,1512,1512.1,1512.2,1512.3,1512.4,1512.5,1512.6,1512.7,1512.8,1512.9,1513,1513.1,1513.2,1513.3,1513.4,1513.5,1513.6,1513.7,1513.8,1513.9,1514,1514.1,1514.2,1514.3,1514.4,1514.5,1514.6,1514.7,1514.8,1514.9,1515,1515.1,1515.2,1515.3,1515.4,1515.5,1515.6,1515.7,1515.8,1515.9,1516,1516.1,1516.2,1516.3,1516.4,1516.5,1516.6,1516.7,1516.8,1516.9,1517,1517.1,1517.2,1517.3,1517.4,1517.5,1517.6,1517.7,1517.8,1517.9,1518,1518.1,1518.2,1518.3,1518.4,1518.5,1518.6,1518.7,1518.8,1518.9,1519,1519.1,1519.2,1519.3,1519.4,1519.5,1519.6,1519.7,1519.8,1519.9,1520,1520.1,1520.2,1520.3,1520.4,1520.5,1520.6,1520.7,1520.8,1520.9,1521,1521.1,1521.2,1521.3,1521.4,1521.5,1521.6,1521.7,1521.8,1521.9,1522,1522.1,1522.2,1522.3,1522.4,1522.5,1522.6,1522.7,1522.8,1522.9,1523,1523.1,1523.2,1523.3,1523.4,1523.5,1523.6,1523.7,1523.8,1523.9,1524,1524.1,1524.2,1524.3,1524.4,1524.5,1524.6,1524.7,1524.8,1524.9,1525,1525.1,1525.2,1525.3,1525.4,1525.5,1525.6,1525.7,1525.8,1525.9,1526,1526.1,1526.2,1526.3,1526.4,1526.5,1526.6,1526.7,1526.8,1526.9,1527,1527.1,1527.2,1527.3,1527.4,1527.5,1527.6,1527.7,1527.8,1527.9,1528,1528.1,1528.2,1528.3,1528.4,1528.5,1528.6,1528.7,1528.8,1528.9,1529,1529.1,1529.2,1529.3,1529.4,1529.5,1529.6,1529.7,1529.8,1529.9,1530,1530.1,1530.2,1530.3,1530.4,1530.5,1530.6,1530.7,1530.8,1530.9,1531,1531.1,1531.2,1531.3,1531.4,1531.5,1531.6,1531.7,1531.8,1531.9,1532,1532.1,1532.2,1532.3,1532.4,1532.5,1532.6,1532.7,1532.8,1532.9,1533,1533.1,1533.2,1533.3,1533.4,1533.5,1533.6,1533.7,1533.8,1533.9,1534,1534.1,1534.2,1534.3,1534.4,1534.5,1534.6,1534.7,1534.8,1534.9,1535,1535.1,1535.2,1535.3,1535.4,1535.5,1535.6,1535.7,1535.8,1535.9,1536,1536.1,1536.2,1536.3,1536.4,1536.5,1536.6,1536.7,1536.8,1536.9,1537,1537.1,1537.2,1537.3,1537.4,1537.5,1537.6,1537.7,1537.8,1537.9,1538,1538.1,1538.2,1538.3,1538.4,1538.5,1538.6,1538.7,1538.8,1538.9,1539,1539.1,1539.2,1539.3,1539.4,1539.5,1539.6,1539.7,1539.8,1539.9,1540,1540.1,1540.2,1540.3,1540.4,1540.5,1540.6,1540.7,1540.8,1540.9,1541,1541.1,1541.2,1541.3,1541.4,1541.5,1541.6,1541.7,1541.8,1541.9,1542,1542.1,1542.2,1542.3,1542.4,1542.5,1542.6,1542.7,1542.8,1542.9,1543,1543.1,1543.2,1543.3,1543.4,1543.5,1543.6,1543.7,1543.8,1543.9,1544,1544.1,1544.2,1544.3,1544.4,1544.5,1544.6,1544.7,1544.8,1544.9,1545,1545.1,1545.2,1545.3,1545.4,1545.5,1545.6,1545.7,1545.8,1545.9,1546,1546.1,1546.2,1546.3,1546.4,1546.5,1546.6,1546.7,1546.8,1546.9,1547,1547.1,1547.2,1547.3,1547.4,1547.5,1547.6,1547.7,1547.8,1547.9,1548,1548.1,1548.2,1548.3,1548.4,1548.5,1548.6,1548.7,1548.8,1548.9,1549,1549.1,1549.2,1549.3,1549.4,1549.5,1549.6,1549.7,1549.8,1549.9,1550,1550.1,1550.2,1550.3,1550.4,1550.5,1550.6,1550.7,1550.8,1550.9,1551,1551.1,1551.2,1551.3,1551.4,1551.5,1551.6,1551.7,1551.8,1551.9,1552,1552.1,1552.2,1552.3,1552.4,1552.5,1552.6,1552.7,1552.8,1552.9,1553,1553.1,1553.2,1553.3,1553.4,1553.5,1553.6,1553.7,1553.8,1553.9,1554,1554.1,1554.2,1554.3,1554.4,1554.5,1554.6,1554.7,1554.8,1554.9,1555,1555.1,1555.2,1555.3,1555.4,1555.5,1555.6,1555.7,1555.8,1555.9,1556,1556.1,1556.2,1556.3,1556.4,1556.5,1556.6,1556.7,1556.8,1556.9,1557,1557.1,1557.2,1557.3,1557.4,1557.5,1557.6,1557.7,1557.8,1557.9,1558,1558.1,1558.2,1558.3,1558.4,1558.5,1558.6,1558.7,1558.8,1558.9,1559,1559.1,1559.2,1559.3,1559.4,1559.5,1559.6,1559.7,1559.8,1559.9,1560,1560.1,1560.2,1560.3,1560.4,1560.5,1560.6,1560.7,1560.8,1560.9,1561,1561.1,1561.2,1561.3,1561.4,1561.5,1561.6,1561.7,1561.8,1561.9,1562,1562.1,1562.2,1562.3,1562.4,1562.5,1562.6,1562.7,1562.8,1562.9,1563,1563.1,1563.2,1563.3,1563.4,1563.5,1563.6,1563.7,1563.8,1563.9,1564,1564.1,1564.2,1564.3,1564.4,1564.5,1564.6,1564.7,1564.8,1564.9,1565,1565.1,1565.2,1565.3,1565.4,1565.5,1565.6,1565.7,1565.8,1565.9,1566,1566.1,1566.2,1566.3,1566.4,1566.5,1566.6,1566.7,1566.8,1566.9,1567,1567.1,1567.2,1567.3,1567.4,1567.5,1567.6,1567.7,1567.8,1567.9,1568,1568.1,1568.2,1568.3,1568.4,1568.5,1568.6,1568.7,1568.8,1568.9,1569,1569.1,1569.2,1569.3,1569.4,1569.5,1569.6,1569.7,1569.8,1569.9,1570,1570.1,1570.2,1570.3,1570.4,1570.5,1570.6,1570.7,1570.8,1570.9,1571,1571.1,1571.2,1571.3,1571.4,1571.5,1571.6,1571.7,1571.8,1571.9,1572,1572.1,1572.2,1572.3,1572.4,1572.5,1572.6,1572.7,1572.8,1572.9,1573,1573.1,1573.2,1573.3,1573.4,1573.5,1573.6,1573.7,1573.8,1573.9,1574,1574.1,1574.2,1574.3,1574.4,1574.5,1574.6,1574.7,1574.8,1574.9,1575,1575.1,1575.2,1575.3,1575.4,1575.5,1575.6,1575.7,1575.8,1575.9,1576,1576.1,1576.2,1576.3,1576.4,1576.5,1576.6,1576.7,1576.8,1576.9,1577,1577.1,1577.2,1577.3,1577.4,1577.5,1577.6,1577.7,1577.8,1577.9,1578,1578.1,1578.2,1578.3,1578.4,1578.5,1578.6,1578.7,1578.8,1578.9,1579,1579.1,1579.2,1579.3,1579.4,1579.5,1579.6,1579.7,1579.8,1579.9,1580,1580.1,1580.2,1580.3,1580.4,1580.5,1580.6,1580.7,1580.8,1580.9,1581,1581.1,1581.2,1581.3,1581.4,1581.5,1581.6,1581.7,1581.8,1581.9,1582,1582.1,1582.2,1582.3,1582.4,1582.5,1582.6,1582.7,1582.8,1582.9,1583
channel_1,-60.7647,-61.128,-61.1796,-60.6946,-61.0519,-61.4138,-61.0019,-61.9859,-61.4138,-62.303,-62.2695,-60.9771,-62.1773,-64.8249,-60.4953,-61.4412,-60.3048,-60.1795,-60.4077,-62.8685,-61.9859,-61.9548,-61.8629,-61.2265,-61.6325,-61.3865,-60.3688,-60.8841,-61.3594,-60.4513,-60.386,-62.645,-61.3325,-62.1448,-61.3865,-60.5175,-61.7197,-61.5754,-60.9771,-62.7182,-61.1537,-61.6614,-61.8629,-62.8305,-61.3865,-61.519,-60.326,-60.3048,-60.002,-61.128,-61.8629,-62.3706,-60.5398,-60.2836,-61.7197,-62.1125,-61.8933,-61.2003,-61.3058,-61.7197,-61.3865,-61.3058,-61.4966,-60.4077,-61.6325,-60.6485,-60.2626,-61.5471,-61.3594,-60.7647,-61.3594,-61.2527,-61.1537,-61.1537,-60.6074,-61.128,-60.8841,-60.2001,-60.7647,-62.0488,-60.8359,-62.2695,-62.0488,-61.0771,-61.1025,-62.2363,-61.1025,-60.6485,-61.8086,-60.102,-60.4513,-60.5622,-61.4138,-60.4732,-61.5471,-61.3594,-61.7197,-62.4393,-60.8359,-60.4294,-61.1796,-61.0268,-61.2527,-60.9524,-61.3325,-62.9847,-60.7178,-61.2792,-60.7412,-60.9771,-61.6039,-60.5622,-60.7412,-61.4688,-61.1025,-61.6904,-60.3473,-63.6451,-60.4513,-61.3325,-61.4412,-60.6946,-60.5848,-62.1125,-60.9083,-60.4077,-61.128,-61.2265,-61.0019,-60.5848,-61.6039,-59.9823,-62.2363,-61.0771,-62.0805,-61.7491,-61.519,-60.4953,-62.2695,-60.9771,-60.9279,-60.5622,-61.2527,-60.326,-61.4688,-60.5398,-61.0019,-61.1796,-63.1774,-61.4138,-62.9069,-61.4412,-60.386,-60.326,-61.6325,-61.3325,-61.4688,-62.7927,-60.9524,-60.9083,-60.6715,-61.4138,-60.4953,-62.2363,-61.6325,-60.812,-59.9627,-60.6302,-61.128,-60.8359,-61.4966,-60.5175,-61.6614,-61.7491,-60.6302,-60.9279,-61.6904,-60.326,-60.7178,-61.6614,-61.3325,-61.5471,-61.2265,-60.8359,-60.4953,-61.4688,-60.812,-61.3325,-61.3865,-61.6904,-62.3706,-60.5175,-62.1448,-61.9859,-62.21,-61.0771,-61.128,-60.9771,-62.7927,-61.9859,-60.8841,-60.8841,-61.2792,-60.812,-61.2792,-60.7647,-61.7491,-60.326,-60.5398,-61.6904,-60.3473,-59.8315,-62.0805,-62.1773,-62.5091,-61.2527,-60.4294,-62.1125,-61.4412,-61.9859,-61.519,-61.3325,-60.5848,-60.7883,-60.7412,-61.7788,-62.4393,-60.9524,-63.2187,-61.8629,-63.056,-61.9859,-61.3594,-63.431,-61.1796,-60.5175,-60.4732,-60.9524,-61.1025,-62.5445,-60.4953,-61.8933,-61.4412,-61.519,-61.3865,-61.7788,-61.6904,-62.7553,-60.8599,-61.519,-62.9847,-60.9279,-61.4966,-60.6715,-61.2003,-61.4138,-60.4732,-60.9279,-60.7647,-61.2527,-61.9859,-62.8685,-64.1179,-61.128,-61.128,-61.7197,-60.8841,-61.8387,-61.8387,-60.2836,-60.6485,-60.1222,-62.5445,-62.0172,-62.9069,-60.7178,-61.3865,-62.21,-61.2265,-61.0019,-61.924,-61.1796,-60.5622,-61.3325,-62.3706,-61.519,-60.812,-61.2527,-61.3058,-61.0019,-60.7178,-60.6485,-61.3325,-59.6492,-61.6904,-61.6039,-60.3048,-61.3058,-60.4077,-60.2626,-61.3594,-61.0771,-61.4966,-61.8933,-60.812,-61.0268,-61.0771,-60.8599,-61.4138,-59.8126,-60.9279,-62.4048,-62.645,-61.7197,-61.3058,-61.4412,-61.128,-62.616,-61.5471,-61.3594,-62.0172,-61.128,-60.6302,-60.9083,-61.4412,-61.3865,-61.6614,-61.3865,-60.5398,-62.0172,-61.3058,-60.7647,-61.2527,-60.9279,-60.2626,-60.9083,-61.0019,-60.4077,-61.4138,-60.9279,-60.5622,-61.7197,-60.6074,-61.2265,-60.6946,-61.6614,-61.4412,-61.2527,-61.3325,-60.2001,-61.9548,-61.128,-62.4393,-61.1796,-60.4513,-61.6325,-61.1537,-61.0519,-60.4732,-61.2265,-61.3594,-61.7788,-59.9627,-60.9083,-60.0218,-60.7178,-60.5398,-61.6904,-60.3048,-60.1795,-60.7178,-59.2559,-61.1537,-61.1796,-60.6946,-60.6946,-61.519,-62.303,-60.9524,-61.0268,-60.4953,-59.9823,-60.6074,-61.0268,-61.7197,-61.4688,-60.4513,-60.2208,-60.326,-60.2836,-59.6675,-60.4077,-60.6715,-60.2001,-60.7883,-60.9771,-60.2417,-60.4077,-61.6325,-60.7647,-60.9083,-61.128,-62.0172,-61.0268,-61.3594,-60.8599,-60.2836,-64.0773,-60.6946,-61.6039,-60.6302,-61.4688,-61.128,-61.2527,-60.812,-61.8086,-60.7883,-61.2003,-60.6946,-60.2836,-60.002,-60.4294,-59.6492,-60.7412,-60.7883,-60.8841,-61.7788,-61.0268,-60.1795,-62.0488,-60.5175,-60.8359,-60.2626,-60.7412,-60.9279,-60.1589,-60.3688,-61.4966,-61.2003,-60.9279,-60.5622,-60.3048,-60.9771,-60.9524,-62.2695,-61.1537,-61.6039,-60.9083,-60.2417,-61.519,-60.9771,-61.0771,-62.0805,-61.3325,-60.5622,-61.4688,-61.6039,-61.3058,-61.4688,-61.1796,-60.4732,-61.3594,-62.0805,-60.5175,-61.5754,-60.4732,-61.8086,-61.1025,-62.0488,-60.6946,-60.5848,-61.5471,-61.4688,-60.102,-60.3473,-61.3325,-62.1448,-60.4732,-60.7647,-61.128,-62.0805,-62.7553,-61.128,-62.4048,-61.1796,-60.7883,-61.7491,-61.3325,-61.8629,-61.8933,-61.2003,-60.4077,-61.0268,-60.8841,-61.4688,-60.7412,-60.386,-61.4688,-62.303,-60.9524,-60.8841,-60.4294,-60.7178,-60.9279,-61.2265,-60.4294,-61.8629,-60.9771,-63.7375,-60.2417,-59.9043,-61.6325,-60.7883,-60.4732,-61.7491,-62.21,-61.1796,-61.3594,-60.1385,-60.6302,-62.3706,-61.5754,-61.7788,-61.6614,-61.5754,-61.7197,-60.3473,-61.519,-61.3594,-61.4966,-61.1537,-59.3877,-60.5622,-61.8933,-60.812,-59.5591,-61.128,-60.7883,-61.2265,-60.9771,-63.2603,-61.519,-61.0019,-61.6904,-61.7491,-61.4966,-63.4747,-60.9771,-60.6074,-62.0488,-62.303,-61.7197,-61.128,-62.0805,-60.7178,-62.7553,-61.0019,-61.0519,-61.0771,-60.9771,-62.1448,-60.1795,-61.3594,-60.6715,-60.6485,-60.5848,-61.2003,-61.1537,-61.8933,-60.812,-60.9524,-61.3058,-61.0771,-61.0019,-61.8086,-62.0805,-60.2417,-60.8599,-61.6614,-60.9083,-60.0617,-61.3594,-60.102,-60.0818,-62.21,-61.3594,-60.9524,-61.5754,-60.9083,-60.9083,-61.2792,-60.8599,-60.6302,-60.5848,-62.9847,-60.386,-60.2417,-60.9524,-60.5175,-61.7197,-62.7553,-61.7491,-60.8841,-60.6485,-61.2003,-61.5754,-60.7178,-61.2792,-60.3048,-60.9083,-60.1385,-61.519,-61.2003,-61.2265,-62.0805,-61.0268,-60.5848,-61.1025,-60.7647,-62.1448,-62.0172,-61.6904,-61.4966,-60.9083,-61.4966,-60.8599,-61.5754,-62.1773,-60.6485,-60.4077,-60.9524,-61.3594,-60.7647,-60.2836,-61.2265,-61.3058,-61.0771,-63.056,-60.3688,-61.0519,-61.3594,-62.3366,-62.5801,-62.0488,-61.7197,-60.6074,-61.2792,-61.6904,-60.386,-60.9279,-61.6325,-61.3865,-61.8933,-61.2003,-60.9083,-61.7788,-61.1796,-61.1025,-60.8599,-60.5175,-60.0617,-60.5848,-61.6614,-60.7178,-60.7647,-61.3325,-60.002,-60.1795,-60.2001,-60.7412,-63.3448,-60.9771,-60.4294,-60.4077,-60.812,-60.9524,-61.7491,-60.9279,-60.5622,-61.9548,-61.4412,-60.0218,-61.0771,-61.7197,-61.0771,-61.924,-61.0019,-60.7412,-60.7412,-60.4732,-60.7178,-60.4077,-63.2187,-62.0488,-61.924,-62.4393,-62.2363,-61.3594,-61.8933,-61.0771,-62.0488,-60.812,-60.8359,-60.8359,-60.6715,-60.1222,-60.9771,-62.0805,-61.8933,-60.6946,-61.2003,-61.3058,-61.9548,-61.519,-61.4412,-61.7197,-61.2003,-60.9083,-62.21,-60.8841,-61.0771,-62.3366,-60.8599,-60.6715,-60.8841,-61.1796,-62.9847,-60.3473,-60.8599,-61.7491,-60.7178,-60.9524,-61.6039,-61.2265,-62.2695,-60.4513,-62.4741,-61.3594,-62.21,-61.6039,-62.0172,-61.5754,-61.4688,-61.9859,-60.1222,-60.5848,-61.8387,-62.0805,-61.7197,-61.6039,-61.1796,-61.9859,-62.3706,-62.2695,-61.9548,-62.7553,-61.4688,-62.303,-61.7197,-62.0488,-61.6904,-59.7937,-62.0805,-62.1448,-62.0172,-63.0242,-60.9279,-60.6715,-62.9847,-61.4138,-60.6074,-61.5471,-60.2417,-60.2001,-62.5801,-62.0805,-61.7788,-61.8629,-62.5801,-62.8685,-61.6904,-62.3706,-61.3058,-59.9431,-61.7491,-61.128,-60.1222,-61.3325,-60.7883,-62.5801,-60.9771,-61.7491,-63.0242,-60.6485,-61.0771,-60.2836,-61.4412,-60.6715,-60.8841,-61.3594,-61.8387,-63.1366,-60.7883,-60.9083,-60.2001,-62.2695,-62.21,-62.5091,-60.4077,-60.9083,-61.7197,-60.8359,-61.3325,-60.2001,-61.9859,-62.0805,-60.812,-60.8359,-61.2792,-61.4412,-62.4741,-61.4966,-61.4688,-61.128,-61.2792,-62.5801,-61.2003,-61.9548,-60.5622,-60.6946,-62.4048,-61.4412,-60.8599,-61.128,-61.0771,-61.924,-61.519,-60.9524,-63.0242,-61.6325,-60.7647,-60.7647,-61.2003,-62.1773,-60.8841,-60.9771,-61.2527,-61.3325,-60.6074,-62.4741,-62.7182,-62.5801,-61.2792,-62.5091,-62.1125,-61.6039,-60.4077,-60.3688,-63.3024,-61.9548,-61.6039,-62.0488,-61.1025,-60.6485,-62.1448,-63.2603,-62.1448,-60.7412,-61.7788,-62.616,-60.6074,-61.6904,-61.3325,-61.4688,-61.9859,-61.2792,-61.6039,-61.2527,-60.9279,-61.9859,-62.645,-61.1537,-61.2792,-61.2003,-62.21,-62.7553,-61.7197,-62.1448,-62.303,-61.5471,-61.2527,-62.9069,-59.9431,-61.8629,-61.9548,-61.519,-61.5471,-61.7197,-60.8359,-61.2265,-61.6904,-61.6904,-61.4966,-62.0805,-62.1773,-60.7412,-62.0488,-61.9548,-60.9279,-61.2792,-62.4393,-60.2208,-61.924,-61.519,-61.128,-62.5445,-61.1025,-61.4138,-60.6946,-60.8359,-60.7178,-61.1025,-62.4741,-60.9524,-61.4688,-60.326,-60.7178,-61.5754,-62.5801,-62.5801,-60.5398,-61.1537,-61.519,-61.4138,-61.3594,-60.9083,-61.8086,-60.9524,-61.519,-60.7883,-61.8086,-61.8387,-61.5754,-60.8599,-62.3706,-61.0268,-60.7647,-61.3865,-60.7647,-61.3594,-61.0268,-60.8841,-63.8799,-60.8599,-61.0519,-61.1537,-60.7647,-61.2792,-60.5622,-61.6039,-60.9771,-60.7883,-59.613,-60.386,-60.6074,-61.0019,-60.5175,-60.5175,-60.4732,-62.2363,-60.4077,-62.6815,-63.0961,-61.6325,-60.6302,-62.303,-61.6325,-60.2208,-61.8629,-62.616,-61.7788,-60.6302,-62.0172,-60.3688,-60.7647,-61.1796,-61.6325,-61.3865,-60.3473,-61.4412,-60.386,-62.4741,-61.6325,-60.7883,-60.102,-61.3058,-61.2527,-61.128,-61.2265,-61.924,-61.0519,-61.2003,-60.5848,-62.7182,-61.924,-62.5445,-61.5754,-60.5398,-60.812,-60.0417,-61.5754,-61.2792,-60.2001,-60.7178,-61.0771,-60.4294,-61.2527,-60.812,-59.9237,-60.5622,-60.9279,-63.0961,-62.0172,-61.3058,-60.7647,-60.0617,-61.2003,-61.3058,-60.8841,-60.326,-60.812,-60.812,-60.1222,-63.5189,-61.2003,-61.6614,-60.2417,-60.2836,-60.1385,-61.0019,-61.1537,-60.2626,-60.9524,-61.5754,-59.5591,-60.6074,-61.4138,-60.7178,-60.8599,-60.4077,-61.6039,-60.6302,-61.519,-60.3473,-60.1222,-61.1025,-61.1025,-61.4966,-61.0771,-61.2003,-61.6325,-60.6715,-60.9279,-60.9279,-60.5848,-62.21,-61.8629,-60.4513,-61.8629,-60.9524,-60.7412,-61.6614,-60.7647,-60.2001,-61.1025,-60.3688,-61.0019,-61.6904,-61.2527,-60.4513,-61.6325,-60.7647,-61.519,-60.6074,-61.1537,-60.102,-60.4953,-61.6904,-61.5754,-60.6715,-61.0519,-61.0019,-61.7491,-61.2003,-61.2003,-60.5175,-60.5398,-59.8506,-61.0519,-61.2265,-59.9431,-60.4732,-60.7412,-61.6904,-61.0268,-60.9083,-60.2417,-60.4077,-61.2003,-60.6302,-60.9279,-60.8359,-61.4138,-60.3688,-59.9431,-60.2208,-61.1025,-61.0019,-60.9083,-61.4688,-60.3688,-61.1537,-60.7647,-61.5754,-61.128,-60.386,-61.9548,-60.7883,-60.8359,-60.7883,-60.102,-61.5754,-61.519,-60.5622,-60.9279,-61.3058,-60.326,-59.9431,-61.1025,-61.1796,-60.8359,-60.2626,-61.8086,-61.7197,-60.4953,-61.6904,-60.6074,-61.1025,-61.5754,-60.4077,-61.1025,-61.0771,-60.9524,-61.3325,-61.4412,-60.4953,-60.2836,-60.6074,-61.1025,-60.9083,-60.2001,-60.6946,-61.1537,-61.2265,-60.9524,-60.5622,-61.8086,-60.4077,-61.3058,-61.1025,-61.7788,-59.2063,-60.7412,-60.002,-61.1537,-60.0218,-60.8359,-60.4077,-60.326,-62.645,-60.002,-60.6485,-60.8599,-60.7412,-61.4138,-60.9083,-60.0818,-60.6302,-60.8841,-60.9524,-59.3365,-60.0218,-60.3688,-60.3688,-60.9083,-61.4688,-60.2001,-59.5949,-61.0019,-60.9279,-60.7647,-64.0271,-60.2836,-61.0519,-61.1025,-61.4688,-60.7883,-61.1537,-61.2527,-61.2265,-60.6715,-61.0019,-60.3048,-60.1222,-60.4513,-60.8359,-61.4688,-60.9524,-62.7927,-60.4732,-60.8841,-60.2208,-59.9627,-59.6822,-60.6715,-60.9083,-60.6485,-60.3473,-61.2265,-60.326,-61.7197,-61.7788,-61.8086,-61.6039,-60.326,-60.9771,-61.3325,-60.2626,-63.2187,-61.1025,-61.4412,-62.21,-61.2792,-61.0771,-61.4688,-61.2265,-60.6485,-61.6904,-61.3325,-59.9043,-60.8599,-60.8359,-61.7788,-59.8315,-59.3027,-60.9771,-61.7197,-61.924,-61.2792,-61.5471,-61.1025
channel_2,-32.2042,-32.2258,-32.1399,-32.2621,-32.1592,-32.1439,-32.0889,-32.1097,-32.0929,-32.0127,-32.056,-32.0276,-32.0777,-31.9305,-32.0402,-31.9873,-32.0065,-31.8469,-31.9215,-31.9573,-31.9126,-31.8115,-31.7912,-31.9419,-31.8313,-31.8026,-31.7006,-31.8632,-31.7771,-31.7499,-31.6663,-31.7576,-31.7594,-31.6485,-31.659,-31.6324,-31.7098,-31.5163,-31.6006,-31.5361,-31.6127,-31.4496,-31.5276,-31.5266,-31.5506,-31.423,-31.4085,-31.4616,-31.4079,-31.3698,-31.2675,-31.3999,-31.3047,-31.3469,-31.2068,-31.321,-31.2677,-31.2187,-31.1731,-31.1951,-31.2357,-31.0922,-31.1438,-31.0589,-31.1659,-30.9641,-31.0361,-30.938,-31.037,-30.9234,-30.9193,-30.9379,-30.936,-30.9337,-30.7981,-30.8893,-30.8174,-30.8385,-30.6593,-30.77,-30.728,-30.7219,-30.6253,-30.6211,-30.7053,-30.591,-30.6122,-30.4728,-30.6199,-30.5008,-30.5306,-30.388,-30.4705,-30.4358,-30.3842,-30.3396,-30.3099,-30.3634,-30.2354,-30.3116,-30.2231,-30.3152,-30.1746,-30.222,-30.1937,-30.1956,-30.1228,-30.0218,-30.11,-30.0485,-30.0622,-29.9006,-30.0238,-29.9861,-29.9921,-29.8771,-29.8844,-29.9229,-29.8324,-29.8451,-29.7101,-29.831,-29.6928,-29.7467,-29.6099,-29.6893,-29.6119,-29.5656,-29.5765,-29.5637,-29.5893,-29.4248,-29.5205,-29.4554,-29.5115,-29.3121,-29.3413,-29.3527,-29.3377,-29.2651,-29.1622,-29.2982,-29.2112,-29.2551,-29.0767,-29.1884,-29.1389,-29.1337,-29.0025,-28.996,-29.0465,-28.9185,-28.9378,-28.8216,-28.9511,-28.7771,-28.8292,-28.7521,-28.8264,-28.7558,-28.6656,-28.7155,-28.6804,-28.7129,-28.5053,-28.5813,-28.5306,-28.5583,-28.3924,-28.39,-28.4521,-28.4011,-28.3792,-28.2571,-28.3892,-28.2799,-28.2884,-28.1471,-28.1893,-28.1664,-28.0755,-28.0321,-27.976,-28.0722,-27.9052,-27.9178,-27.866,-27.9615,-27.8269,-27.7759,-27.8028,-27.7715,-27.7772,-27.5977,-27.6756,-27.6012,-27.6535,-27.4603,-27.4789,-27.5427,-27.5009,-27.4287,-27.3492,-27.493,-27.3924,-27.3632,-27.2237,-27.2972,-27.2622,-27.1715,-27.1177,-27.0838,-27.1776,-27.0129,-27.0556,-26.9961,-27.0672,-26.9734,-26.9411,-26.9626,-26.8977,-26.9083,-26.7403,-26.8264,-26.7431,-26.7511,-26.5926,-26.6432,-26.6725,-26.6069,-26.5697,-26.4962,-26.6077,-26.5236,-26.5089,-26.3768,-26.4241,-26.4167,-26.2919,-26.2528,-26.1792,-26.2533,-26.1219,-26.1454,-26.0765,-26.111,-26.0796,-25.9878,-26.0107,-25.9483,-25.9724,-25.7708,-25.8472,-25.7805,-25.7657,-25.6345,-25.6264,-25.6754,-25.6117,-25.6097,-25.488,-25.5874,-25.5472,-25.5029,-25.4004,-25.3971,-25.4245,-25.2886,-25.2755,-25.1905,-25.2384,-25.1613,-25.1364,-25.1205,-25.1228,-25.1446,-25.0206,-25.0954,-25.0082,-25.0335,-24.8932,-24.9007,-24.8676,-24.824,-24.7941,-24.6884,-24.7728,-24.7297,-24.7347,-24.644,-24.7055,-24.7182,-24.6521,-24.6242,-24.5621,-24.5873,-24.4985,-24.4574,-24.3733,-24.3843,-24.386,-24.2775,-24.3042,-24.2759,-24.3363,-24.2241,-24.2644,-24.2291,-24.1978,-24.1775,-24.0679,-24.0909,-23.9948,-24.0093,-23.8695,-23.914,-23.9042,-23.8596,-23.8379,-23.8279,-23.865,-23.8003,-23.7975,-23.7265,-23.7189,-23.697,-23.5948,-23.5581,-23.4987,-23.5182,-23.423,-23.4185,-23.3884,-23.377,-23.4063,-23.3187,-23.3619,-23.2861,-23.3173,-23.1994,-23.2084,-23.1539,-23.0958,-23.0699,-22.9993,-23.0278,-22.9727,-22.9801,-22.9239,-22.9536,-22.9512,-22.9021,-22.8847,-22.8345,-22.8406,-22.7825,-22.7396,-22.6723,-22.6516,-22.6741,-22.567,-22.6064,-22.5545,-22.5811,-22.5441,-22.551,-22.5327,-22.4632,-22.4977,-22.4056,-22.4234,-22.3383,-22.3148,-22.2513,-22.2741,-22.2636,-22.1967,-22.225,-22.1982,-22.2395,-22.2065,-22.1825,-22.1495,-22.1241,-22.1377,-22.046,-22.0327,-21.9682,-21.9568,-21.9582,-21.8806,-21.9006,-21.8413,-21.9109,-21.8443,-21.8752,-21.82,-21.7875,-21.7979,-21.7399,-21.7233,-21.6415,-21.6512,-21.5828,-21.6142,-21.5836,-21.5342,-21.5613,-21.5472,-21.571,-21.5356,-21.5437,-21.4774,-21.4569,-21.4792,-21.378,-21.3657,-21.2903,-21.3107,-21.2908,-21.2509,-21.2469,-21.1951,-21.2852,-21.2275,-21.2458,-21.1747,-21.1756,-21.1788,-21.1188,-21.0721,-20.9932,-21.0132,-20.9449,-20.9475,-20.9145,-20.8871,-20.9132,-20.8913,-20.9198,-20.8846,-20.8971,-20.8491,-20.8143,-20.839,-20.7632,-20.7245,-20.6442,-20.6657,-20.6522,-20.6058,-20.5998,-20.5539,-20.627,-20.5878,-20.6038,-20.5366,-20.5392,-20.5556,-20.4798,-20.4374,-20.3754,-20.3689,-20.2883,-20.2823,-20.2519,-20.2216,-20.2501,-20.2192,-20.2482,-20.2416,-20.2445,-20.1971,-20.1838,-20.2122,-20.1329,-20.1027,-20.0049,-20.0331,-20.044,-19.965,-19.9417,-19.9187,-19.9997,-19.9816,-19.9739,-19.9222,-19.9411,-19.9976,-19.9045,-19.8549,-19.8057,-19.8038,-19.752,-19.7071,-19.677,-19.6553,-19.6915,-19.6502,-19.6754,-19.6901,-19.6844,-19.6732,-19.6312,-19.6623,-19.614,-19.5681,-19.4655,-19.465,-19.4856,-19.3927,-19.3599,-19.3267,-19.3899,-19.3924,-19.3513,-19.3191,-19.3349,-19.3784,-19.3203,-19.2557,-19.2006,-19.1912,-19.1786,-19.0652,-19.0488,-19.0216,-19.0258,-18.9938,-18.9831,-18.9942,-18.9925,-19.0118,-18.9264,-18.9424,-18.9479,-18.8931,-18.8071,-18.7645,-18.7933,-18.7382,-18.6992,-18.6302,-18.6772,-18.7215,-18.6828,-18.6448,-18.6261,-18.6872,-18.6883,-18.5951,-18.547,-18.5419,-18.5614,-18.4792,-18.43,-18.4146,-18.4326,-18.4524,-18.3895,-18.4107,-18.438,-18.4565,-18.4079,-18.3834,-18.4047,-18.3828,-18.3367,-18.2424,-18.2748,-18.2608,-18.2176,-18.1701,-18.1566,-18.2096,-18.22,-18.1853,-18.1412,-18.1868,-18.2244,-18.151,-18.0831,-18.0593,-18.0677,-18.0364,-17.9308,-17.9072,-17.9079,-17.9213,-17.8765,-17.8499,-17.8652,-17.8904,-17.9008,-17.8158,-17.8346,-17.8307,-17.8064,-17.7198,-17.6749,-17.6848,-17.6538,-17.6124,-17.5486,-17.5881,-17.605,-17.6011,-17.5655,-17.5512,-17.6045,-17.6064,-17.519,-17.4643,-17.4699,-17.4541,-17.3739,-17.2985,-17.2853,-17.2826,-17.2872,-17.219,-17.233,-17.2534,-17.2984,-17.2595,-17.2155,-17.2406,-17.2417,-17.1994,-17.1007,-17.0937,-17.0771,-17.0605,-17.0001,-16.9467,-16.9999,-17.0206,-17.0147,-16.9639,-16.9892,-17.0358,-17.0245,-16.9508,-16.8916,-16.9094,-16.8942,-16.7968,-16.7411,-16.7307,-16.7377,-16.7279,-16.6824,-16.6985,-16.7097,-16.7808,-16.7134,-16.6843,-16.7139,-16.725,-16.6508,-16.5687,-16.5763,-16.5469,-16.5323,-16.4636,-16.4246,-16.4739,-16.4968,-16.4811,-16.4235,-16.4675,-16.5122,-16.496,-16.4189,-16.3683,-16.3944,-16.3708,-16.2863,-16.2299,-16.2013,-16.253,-16.2115,-16.167,-16.1728,-16.1954,-16.2691,-16.1895,-16.1709,-16.1804,-16.21,-16.148,-16.0651,-16.0625,-16.0402,-16.0313,-15.9749,-15.9186,-15.9745,-15.9936,-15.9796,-15.9388,-15.978,-16.0257,-16.0108,-15.956,-15.9164,-15.9477,-15.9376,-15.8403,-15.7797,-15.7588,-15.8073,-15.7544,-15.6874,-15.6943,-15.73,-15.7931,-15.7217,-15.7061,-15.7262,-15.7825,-15.7562,-15.6569,-15.651,-15.6639,-15.6572,-15.5822,-15.5208,-15.561,-15.5683,-15.5803,-15.536,-15.5492,-15.6228,-15.6332,-15.6105,-15.5725,-15.6251,-15.6456,-15.5367,-15.5134,-15.4865,-15.5055,-15.4523,-15.3763,-15.388,-15.376,-15.4644,-15.3883,-15.3604,-15.4127,-15.4547,-15.4705,-15.3673,-15.3487,-15.4138,-15.3899,-15.3357,-15.253,-15.2763,-15.3081,-15.3036,-15.259,-15.2408,-15.3108,-15.3512,-15.3282,-15.2892,-15.2941,-15.3578,-15.3025,-15.2551,-15.2294,-15.2265,-15.2448,-15.1679,-15.1964,-15.1687,-15.2385,-15.247,-15.2025,-15.2392,-15.2882,-15.3176,-15.2497,-15.2186,-15.2614,-15.2312,-15.2057,-15.1391,-15.1202,-15.1631,-15.1516,-15.1626,-15.1301,-15.1696,-15.2472,-15.2472,-15.2322,-15.2028,-15.2559,-15.29,-15.1748,-15.1558,-15.1323,-15.1699,-15.094,-15.0584,-15.0818,-15.0752,-15.135,-15.1182,-15.1246,-15.1588,-15.2088,-15.2424,-15.1676,-15.1737,-15.2124,-15.1786,-15.1511,-15.0829,-15.1051,-15.1152,-15.0987,-15.1188,-15.0829,-15.1637,-15.218,-15.2122,-15.2241,-15.2266,-15.3277,-15.2725,-15.2175,-15.2453,-15.2294,-15.2384,-15.1503,-15.1884,-15.1925,-15.2117,-15.286,-15.2562,-15.2872,-15.3744,-15.4502,-15.4434,-15.3893,-15.451,-15.4971,-15.4387,-15.4018,-15.3567,-15.4007,-15.3714,-15.3882,-15.3964,-15.3911,-15.5014,-15.5593,-15.569,-15.6034,-15.6494,-15.738,-15.6464,-15.6556,-15.6567,-15.6221,-15.5875,-15.5173,-15.5467,-15.5185,-15.5449,-15.6115,-15.5897,-15.6499,-15.7641,-15.818,-15.8033,-15.7777,-15.8864,-15.8653,-15.7829,-15.7519,-15.7177,-15.7273,-15.6488,-15.678,-15.6908,-15.6782,-15.7998,-15.8566,-15.882,-15.9297,-16.0054,-16.0846,-15.9841,-16.0323,-16.0349,-15.9677,-15.9284,-15.8923,-15.9127,-15.8657,-15.8944,-15.9874,-15.9649,-16.0419,-16.1706,-16.2137,-16.2338,-16.234,-16.3642,-16.3042,-16.2524,-16.274,-16.2305,-16.2171,-16.1706,-16.2275,-16.2431,-16.2188,-16.3767,-16.442,-16.4754,-16.5516,-16.6444,-16.7138,-16.6584,-16.7129,-16.7345,-16.6412,-16.6405,-16.6487,-16.6309,-16.5855,-16.6091,-16.7543,-16.7294,-16.7854,-16.9522,-16.9865,-17.0695,-17.0841,-17.2017,-17.1555,-17.122,-17.1894,-17.1106,-17.0669,-17.0337,-17.1006,-17.0983,-17.0424,-17.1976,-17.2907,-17.335,-17.4213,-17.5457,-17.6067,-17.6196,-17.6759,-17.7233,-17.6269,-17.6143,-17.6519,-17.5893,-17.547,-17.546,-17.6875,-17.6868,-17.7031,-17.9179,-17.9815,-18.1066,-18.1229,-18.2439,-18.2935,-18.2353,-18.3155,-18.2497,-18.1763,-18.1336,-18.1957,-18.2103,-18.0614,-18.2147,-18.3834,-18.4385,-18.4921,-18.669,-18.7525,-18.8337,-18.8991,-18.9531,-18.8544,-18.8097,-18.9518,-18.84,-18.7331,-18.7264,-18.8477,-18.9649,-18.8941,-19.1231,-19.2242,-19.3513,-19.4994,-19.5851,-19.6528,-19.5788,-19.7064,-19.7032,-19.5469,-19.5237,-19.5191,-19.562,-19.4709,-19.5507,-19.6958,-19.8532,-19.9021,-20.101,-20.2599,-20.349,-20.4472,-20.4744,-20.5403,-20.3857,-20.4699,-20.4857,-20.2771,-20.2786,-20.348,-20.5017,-20.4259,-20.5592,-20.8529,-20.9148,-21.1231,-21.2325,-21.3279,-21.3678,-21.4192,-21.5325,-21.3439,-21.2543,-21.2703,-21.3695,-21.2414,-21.1876,-21.3719,-21.565,-21.7224,-21.8138,-22.0418,-22.1044,-22.3564,-22.4731,-22.4715,-22.3811,-22.3377,-22.5616,-22.3857,-22.1379,-22.1679,-22.2654,-22.4627,-22.3696,-22.5509,-22.7446,-22.9622,-23.2745,-23.3286,-23.3958,-23.3607,-23.6028,-23.6752,-23.3538,-23.2299,-23.2858,-23.426,-23.1806,-23.2196,-23.4006,-23.6686,-23.8425,-24.0984,-24.2929,-24.366,-24.7408,-24.8583,-24.76,-24.6057,-24.6322,-24.8632,-24.4349,-24.1911,-24.2292,-24.4053,-24.5483,-24.4432,-24.7437,-24.9868,-25.3279,-25.7361,-25.6894,-25.7156,-25.8567,-26.171,-25.9932,-25.4934,-25.4158,-25.6239,-25.5713,-25.1501,-25.2318,-25.541,-26.0143,-26.1332,-26.3654,-26.5827,-26.8458,-27.4341,-27.3452,-27.0517,-26.9473,-27.1911,-27.3764,-26.5533,-26.1891,-26.4888,-26.7323,-26.7845,-26.6024,-26.9782,-27.4655,-27.942,-28.3142,-28.106,-28.1696,-28.5339,-28.8586,-28.4389,-27.7846,-27.8285,-28.1528,-27.8734,-27.3243,-27.531,-27.9312,-28.4575,-28.5995,-28.7872,-29.0927,-29.446,-30.1208,-29.8696,-29.4055,-29.4915,-29.7792,-29.8214,-28.785,-28.4502,-28.9619,-29.1253,-29.1376,-29.0312,-29.4263,-30.0951,-30.5949,-30.9587,-30.6305,-30.7016,-31.2791,-31.471,-30.8565,-30.1641,-30.3232,-30.6295,-30.1662,-29.4503,-29.7608,-30.2623,-30.7733,-30.9568,-31.0157,-31.483,-31.9517,-32.6171,-32.2908,-31.5747,-31.9618,-32.2845,-32.0978,-30.9242,-30.449,-31.2116,-31.2486,-31.1968,-31.1033,-31.4125,-32.365,-32.8941,-33.1653,-32.8755,-32.8696,-33.5749,-33.7517,-33.0604,-32.258,-32.4388,-32.7372,-32.2309,-31.3609,-31.6132,-32.2478,-32.7113,-33.0912,-32.9583,-33.4873,-34.2314,-34.5986,-34.5946,-33.8033,-33.9837,-34.4112,-34.2222,-33.1636,-32.1259,-32.8658,-33.1276,-32.735,-32.9091,-33.1633,-33.9775,-34.8005,-35.0746,-34.9358,-34.7101,-35.3515,-35.6546,-34.9699,-34.1022,-34.0088,-34.1956,-33.8552,-32.8817,-32.8885,-33.7539,-34.0346,-34.7532,-34.8452,-34.9438,-35.8303,-36.03,-36.3136,-35.5865,-35.2757,-35.9237
channel_3,-65.8941,-77.8592,-67.2105,-64.6601,-65.5975,-78.1075,-67.7638,-63.3023,-63.691,-76.7947,-68.7983,-62.2034,-66.628,-72.1512,-68.1075,-63.5546,-64.4902,-70.3687,-67.4017,-63.5546,-65.0717,-66.2124,-67.8592,-63.0162,-63.7374,-66.2957,-65.3334,-65.0087,-65.7433,-67.0075,-67.6244,-65.2665,-63.431,-71.8386,-76.9878,-66.1306,-65.3334,-73.2519,-69.4429,-65.5975,-63.8319,-65.8941,-85.6407,-68.2371,-64.3267,-68.3708,-74.2842,-64.9465,-65.5264,-65.8941,-68.7983,-67.8592,-63.9284,-64.9465,-72.4881,-63.3877,-66.3636,-74.1795,-66.3636,-65.0087,-68.2371,-64.9465,-69.9587,-72.1512,-68.5086,-71.8994,-68.5086,-71.3271,-67.0075,-69.2392,-74.1795,-69.7674,-72.4881,-67.6244,-70.3687,-66.3636,-76.7947,-63.8319,-81.961,-71.067,-75.3604,-72.1512,-70.3687,-77.8592,-75.3605,-66.2957,-64.1179,-85.6407,-72.8532,-65.9715,-65.9715,-69.9587,-65.3334,-68.5086,-67.1078,-77.8592,-63.7844,-68.2371,-74.2842,-69.7674,-71.2738,-65.0087,-63.0961,-65.4014,-65.8941,-69.2392,-67.6244,-70.3687,-65.7433,-69.5841,-72.1512,-69.9587,-71.067,-73.2519,-68.3708,-69.0766,-70.3687,-67.7402,-66.628,-67.2105,-68.651,-71.2738,-66.2957,-65.2665,-69.9587,-81.961,-65.818,-73.2519,-66.9095,-74.7299,-68.9507,-64.7653,-70.6348,-68.9198,-68.3708,-67.1078,-65.0717,-74.849,-71.8386,-66.45,-67.9816,-69.4083,-74.7299,-64.6027,-67.4017,-66.5381,-70.8216,-67.2105,-68.2371,-81.961,-73.2519,-67.3157,-64.7653,-73.3363,-68.7983,-71.547,-79.2725,-71.547,-79.6202,-70.8216,-70.412,-71.547,-75.3604,-68.1331,-66.628,-76.9878,-68.398,-65.9872,-76.0983,-69.5841,-69.5841,-71.067,-68.7983,-64.6601,-70.3687,-77.8592,-76.0983,-68.3708,-69.7674,-65.4014,-65.818,-73.691,-73.2519,-65.9715,-69.4429,-67.9816,-70.8216,-69.7674,-74.2842,-67.5116,-69.5841,-67.2105,-68.2636,-72.1512,-71.8386,-69.7674,-68.2636,-72.4881,-65.4565,-69.0766,-67.534,-72.1512,-68.7983,-68.3708,-75.3605,-69.9587,-68.5086,-67.7402,-76.7947,-68.6801,-65.7433,-71.067,-69.6202,-72.4881,-74.2842,-66.7198,-68.9198,-73.3363,-69.9981,-64.7653,-71.2738,-76.0983,-70.8215,-66.3636,-71.067,-71.8386,-79.6202,-70.3687,-67.4017,-72.5587,-65.5406,-73.691,-66.9095,-72.8532,-70.412,-67.9816,-66.2957,-66.7198,-69.9587,-69.6202,-69.4429,-69.0766,-67.3157,-70.5892,-68.5086,-87.4017,-72.1512,-67.0075,-66.45,-68.7983,-68.7983,-66.4675,-66.2957,-67.2105,-67.8592,-68.7983,-76.0983,-76.0984,-71.2738,-69.805,-66.6462,-68.5086,-68.5086,-68.6801,-69.2392,-74.7299,-66.628,-72.2166,-68.1331,-67.9816,-69.2392,-81.381,-68.398,-85.6407,-69.5841,-65.4014,-68.2636,-67.0075,-71.547,-70.5892,-87.4017,-87.4017,-65.5264,-73.2519,-65.5975,-72.5587,-85.6407,-76.0983,-70.8215,-70.1589,-81.961,-67.6244,-71.547,-75.3604,-70.2001,-65.9715,-64.4902,-73.2519,-72.2166,-65.5975,-71.8386,-87.4017,-70.2001,-65.0087,-67.4017,-67.6474,-70.6348,-64.2735,-70.5892,-70.1589,-73.7844,-70.8215,-67.5116,-69.0766,-67.7638,-70.8215,-65.0717,-67.9816,-71.8386,-69.2726,-64.6601,-69.4083,-75.3605,-73.2519,-65.6698,-69.4083,-71.3271,-66.3808,-70.8215,-69.9587,-67.8592,-72.9301,-71.8386,-66.8136,-66.628,-71.067,-71.8386,-66.9095,-68.651,-69.0766,-72.9301,-64.3805,-68.7983,-69.2726,-65.9095,-64.8853,-64.1179,-76.7947,-85.6407,-64.8853,-64.435,-67.7402,-70.6348,-66.9095,-68.2371,-64.9465,-69.4429,-73.3363,-64.3805,-63.3023,-79.6202,-68.0065,-66.0503,-64.2735,-76.9878,-73.691,-71.2738,-66.8136,-73.2519,-70.8216,-71.8994,-69.4083,-66.3636,-65.2137,-72.1512,-67.3157,-64.221,-69.4083,-73.3363,-67.5116,-64.6601,-65.8941,-66.9095,-67.3157,-65.5975,-78.1075,-81.381,-70.1589,-66.1306,-66.45,-74.7299,-68.9198,-66.2124,-65.5264,-70.5892,-74.849,-66.628,-67.4017,-71.2738,-68.1331,-68.3708,-69.2392,-66.8136,-74.2842,-71.547,-66.2124,-66.628,-71.067,-73.3363,-65.7433,-64.3267,-70.412,-76.0983,-67.6244,-64.1691,-79.6202,-76.7947,-68.1075,-63.431,-72.1512,-71.8994,-79.6202,-67.2105,-63.645,-70.412,-65.9095,-87.4017,-65.5975,-72.8532,-74.2842,-65.7433,-63.5996,-76.9878,-72.5587,-70.6348,-64.1691,-67.4017,-71.067,-68.1331,-63.8319,-63.691,-68.651,-77.8592,-64.7653,-65.8941,-64.8249,-68.398,-70.5892,-63.7844,-67.6244,-76.7947,-72.8532,-64.1691,-66.45,-71.8386,-66.8326,-68.651,-64.7065,-77.8592,-72.5587,-69.2392,-61.1537,-65.4565,-69.2392,-68.3708,-61.7787,-64.9465,-73.3363,-72.9301,-62.7553,-61.7787,-68.651,-65.5264,-64.7653,-62.4048,-71.547,-74.2842,-69.9587,-63.645,-71.547,-72.1512,-74.849,-63.431,-62.9456,-76.9878,-71.3271,-71.547,-62.1125,-67.8592,-75.3604,-74.7299,-61.8933,-66.2124,-76.9878,-66.9095,-63.3023,-63.431,-67.9816,-71.547,-66.3636,-63.7844,-69.4083,-69.1087,-66.9095,-63.9774,-73.2519,-87.4017,-68.5086,-64.3805,-66.7198,-67.9816,-70.8216,-65.1357,-62.8304,-69.0766,-71.067,-73.3363,-63.9284,-66.5381,-77.8592,-67.6474,-63.8798,-64.1691,-66.7198,-72.5587,-67.0075,-62.6088,-66.8136,-69.4429,-66.9095,-62.6088,-70.8215,-69.9981,-66.9289,-73.691,-68.651,-70.8215,-76.0984,-81.381,-64.3805,-69.9587,-72.2166,-70.412,-66.8136,-65.5264,-70.6348,-67.0274,-67.0075,-63.1365,-69.5841,-71.3271,-67.6244,-62.2034,-68.9198,-72.9301,-72.2166,-63.7844,-66.5381,-79.2725,-68.6801,-67.0075,-63.3877,-81.961,-67.2314,-75.3605,-65.4014,-72.1512,-69.9587,-70.8216,-68.651,-66.0503,-67.3157,-85.6407,-69.2392,-62.2034,-66.628,-87.4017,-72.9301,-63.8798,-69.7674,-85.6407,-76.7947,-65.6698,-63.4747,-76.9878,-78.1075,-65.1357,-62.9847,-65.5975,-67.8592,-70.6348,-68.1075,-71.8386,-68.7983,-69.6202,-67.8592,-67.6244,-66.7198,-68.398,-65.6844,-67.8592,-65.5264,-68.7983,-66.2124,-64.7653,-63.0961,-74.849,-69.4429,-67.7402,-65.2665,-73.7844,-65.6119,-72.5587,-69.7674,-70.6348,-66.5559,-67.3157,-68.1075,-64.3805,-70.8215,-73.2519,-69.2726,-73.2519,-71.2738,-69.7674,-68.2636,-68.3708,-72.1512,-81.961,-72.2166,-71.547,-63.2186,-75.3604,-73.3363,-70.5892,-66.5381,-66.8136,-70.6348,-71.8386,-72.1512,-66.5381,-70.412,-70.8215,-68.5368,-87.4017,-87.4017,-71.8994,-66.9289,-74.2842,-70.412,-66.9289,-65.6119,-66.5559,-68.7983,-79.2725,-70.412,-71.2738,-68.651,-70.5892,-73.691,-68.6801,-68.1331,-65.2006,-76.0983,-68.7983,-73.691,-67.1078,-79.2725,-68.0065,-68.6801,-72.1512,-68.5086,-66.8326,-87.4017,-73.3363,-69.5841,-81.961,-65.8332,-68.6801,-76.9878,-67.4017,-71.8994,-65.0845,-68.7983,-75.3605,-67.4235,-65.4014,-75.3604,-87.4017,-74.1795,-87.4017,-72.2166,-81.381,-65.5264,-70.2001,-68.398,-70.8215,-72.1512,-81.961,-68.398,-81.961,-71.8386,-72.1512,-69.1087,-71.3271,-69.805,-72.2166,-72.9301,-73.691,-65.8332,-76.0983,-76.0984,-68.7983,-68.398,-79.6202,-70.3687,-69.5841,-67.8835,-72.5587,-78.1075,-85.6407,-71.067,-72.9301,-67.4017,-73.691,-71.3271,-66.7384,-64.5014,-72.5587,-77.8592,-64.7183,-71.067,-77.8592,-66.4675,-69.0766,-64.1281,-73.3363,-67.2314,-78.1075,-65.9872,-81.381,-68.7983,-68.1075,-68.398,-69.1087,-72.2166,-72.4881,-69.9981,-68.7983,-72.5587,-70.6348,-81.961,-69.9981,-68.398,-74.849,-69.9587,-69.7674,-87.4017,-65.8332,-70.412,-68.9507,-75.3604,-68.398,-70.2001,-79.2725,-76.7947,-70.6348,-81.961,-72.2166,-70.1589,-68.9507,-68.9507,-68.0065,-67.3157,-72.4881,-68.9507,-66.6462,-85.6407,-72.4881,-65.9095,-67.7402,-74.7299,-70.6348,-71.8386,-67.4235,-66.8326,-72.5587,-69.9981,-68.651,-67.3157,-68.1331,-81.381,-74.849,-68.2371,-68.0065,-78.1075,-81.961,-75.3605,-72.8532,-70.3687,-69.2726,-69.5841,-73.3363,-72.8532,-76.7947,-72.1512,-73.3363,-73.3363,-79.2725,-73.691,-81.381,-79.6202,-69.0766,-81.961,-72.1512,-71.547,-70.412,-72.9301,-78.1075,-73.691,-70.8215,-85.6407,-79.2725,-74.1795,-79.2725,-72.2166,-74.7299,-75.3605,-68.3708,-81.961,-70.1589,-70.2001,-68.6801,-67.6474,-71.547,-67.1078,-69.5841,-74.7299,-69.7674,-75.3605,-74.2842,-69.7674,-68.3708,-71.8386,-73.7844,-76.7947,-72.2166,-70.3687,-78.1075,-76.9878,-68.7983,-67.4017,-68.0065,-73.7844,-67.5116,-74.849,-68.2371,-73.2519,-87.4017,-69.7674,-70.3687,-67.9816,-65.0087,-69.2392,-67.6244,-70.5892,-65.9715,-78.1075,-71.067,-68.1075,-67.4017,-69.7674,-70.1589,-67.1078,-66.8136,-73.2519,-67.3157,-74.2842,-81.381,-71.8386,-71.3271,-81.381,-71.3271,-68.7983,-67.6244,-76.7947,-67.4017,-72.8532,-65.5975,-65.7433,-64.8853,-65.7433,-64.8853,-67.1078,-67.1078,-71.6039,-71.2738,-63.8319,-71.547,-67.2105,-70.8215,-69.5841,-65.7433,-65.7433,-70.5892,-74.1795,-66.628,-68.9198,-78.1075,-70.5892,-76.0984,-66.2124,-72.8532,-81.381,-70.3687,-64.3267,-64.7065,-72.8532,-64.6027,-74.7299,-62.3029,-63.5546,-66.1306,-71.3271,-65.818,-62.6814,-64.3805,-71.067,-67.8592,-65.1357,-64.9465,-67.3157,-85.6407,-66.9095,-61.8086,-63.645,-68.651,-87.4017,-65.2006,-63.2186,-66.9095,-69.2726,-69.4083,-64.435,-65.2665,-67.6474,-76.0983,-63.5546,-62.8304,-65.0087,-71.8386,-73.691,-64.3267,-62.8304,-65.2006,-68.9198,-66.628,-61.0268,-63.9284,-72.1512,-76.0983,-69.9587,-64.4902,-65.5975,-70.1589,-69.4083,-63.8319,-62.1125,-65.0087,-72.4881,-67.9816,-63.0961,-68.5086,-66.9095,-72.5587,-63.0961,-63.7844,-63.8798,-68.9507,-69.7674,-61.9859,-62.6088,-66.3636,-72.4881,-62.8685,-61.128,-63.8319,-74.849,-70.8216,-65.4565,-61.9548,-75.3604,-77.8592,-72.1512,-63.0961,-63.8319,-70.2001,-76.0984,-64.221,-61.2527,-64.3267,-79.2725,-69.4083,-63.5996,-62.2363,-64.9465,-70.8216,-76.9878,-62.9069,-62.9069,-69.9587,-70.8215,-63.9284,-61.1025,-63.9284,-77.8592,-72.4881,-62.4393,-62.3706,-66.5381,-76.9878,-64.3805,-67.9816,-64.5461,-71.547,-68.398,-62.2695,-62.0172,-66.45,-69.2392,-72.8532,-60.6256,-60.8599,-67.1078,-67.5116,-74.1795,-60.8792,-61.8933,-73.2519,-73.691,-64.7065,-61.7491,-65.7433,-74.1795,-65.9715,-61.8933,-62.1447,-64.6027,-68.6801,-65.3334,-61.128,-63.3023,-67.3157,-72.1512,-62.7182,-61.6325,-64.3805,-76.0984,-66.7198,-60.386,-61.5753,-63.5546,-71.067,-63.056,-61.6325,-61.9239,-65.8941,-71.3271,-63.431,-61.2264,-63.9284,-74.7299,-73.2519,-61.5189,-62.2034,-66.0503,-72.4881,-69.4083,-62.1125,-62.2695,-65.6698,-81.381,-65.4565,-61.8326,-62.4048,-76.0983,-67.1282,-63.2603,-61.3325,-68.9198,-68.5086,-70.5892,-61.8326,-60.6946,-65.3334,-70.5892,-62.6449,-60.8792,-61.4412,-76.0984,-69.6202,-65.818,-62.2363,-63.7374,-75.3605,-67.0274,-62.8685,-61.0268,-66.628,-67.0075,-72.8532,-61.1537,-60.6485,-66.3636,-65.7582,-64.6027,-61.7196,-62.7927,-73.7844,-76.9878,-64.4902,-61.0519,-67.9816,-67.4235,-68.2636,-62.2695,-60.8792,-74.849,-70.412,-65.5975,-61.0771,-61.3325,-71.067,-68.7983,-67.4017,-60.2208,-63.056,-72.1512,-71.8994,-62.0805,-60.0617,-64.3805,-70.5892,-65.4565,-61.2264,-60.6485,-69.0766,-69.2392,-66.3636,-61.2003,-61.6613,-76.0984,-74.2842,-63.51,-61.9859,-63.4747,-70.8216,-69.4083,-61.6325,-61.8933,-65.2006,-70.8216,-67.3157,-60.1589,-61.0018,-72.4881,-71.8386,-68.1075,-62.3706,-60.5622,-68.5368,-71.067,-62.4048,-60.7412,-61.8086,-71.067,-67.4235,-61.6613,-60.9524,-63.0961,-71.547,-68.2371,-62.7182,-62.5444,-66.7198,-65.8332,-65.7433,-63.4747,-61.4138,-65.6698,-72.5587,-62.9069,-60.6946,-62.5444,-69.7674,-73.691,-62.4393,-60.5175,-62.4048,-70.3687,-68.9507,-63.7844,-61.5189,-66.2124,-69.4429,-74.849,-61.4688,-61.3865,-65.818,-72.9301,-69.7674,-60.9035,-60.7647,-64.7065,-70.5892,-64.1179,-59.6638,-63.2186,-87.4017,-73.2519,-65.7433,-60.326,-63.2186,-68.398,-67.9816,-61.5189,-59.8125,-63.0961,-70.3687,-70.412,-59.9236,-59.8125,-66.1306,-70.8216,-87.4017,-61.491,-61.3594,-66.2957,-70.2001,-66.9095,-60.002,-61.3057,-68.1075,-69.1087,-63.8319,-59.4048,-63.3023,-66.8136,-71.6039,-63.0162,-60.1019,-63.3023,-74.1795,-69.9981,-60.9524,-59.7005,-71.547,-69.2392,-65.4565,-60.002,-58.8043
channel_4,-63.8223,-64.1077,-63.775,-62.1642,-63.6818,-62.3637,-63.4572,-62.9301,-61.9486,-64.5236,-62.5303,-64.5236,-63.3705,-63.9577,-62.5658,-61.7668,-62.2628,-64.0072,-61.7079,-61.8872,-61.5981,-63.4572,-62.6377,-62.6016,-63.4136,-62.3298,-61.6788,-64.0072,-64.1588,-62.969,-63.9577,-62.5303,-62.6741,-62.6377,-63.0083,-61.8568,-62.7852,-64.1077,-66.4326,-62.1318,-63.8702,-62.0361,-63.3363,-67.1691,-63.0083,-62.969,-63.775,-62.7852,-62.1642,-63.4572,-63.1692,-63.5456,-64.2106,-62.2297,-64.5236,-61.7373,-63.048,-64.0571,-64.8129,-61.3486,-63.5456,-62.3979,-65.803,-62.8915,-65.374,-64.1077,-62.1642,-62.8228,-64.4791,-63.0083,-62.0109,-64.3697,-64.2106,-64.5236,-64.263,-63.775,-61.9486,-62.3298,-64.0571,-63.7281,-64.4791,-62.8228,-62.7108,-62.7852,-65.9559,-64.2106,-65.5832,-62.3979,-66.0344,-62.6016,-65.1875,-63.1284,-63.5012,-63.8223,-64.263,-65.1228,-67.8352,-62.6016,-63.4136,-63.9577,-63.775,-64.2106,-63.5905,-63.4572,-61.3271,-65.374,-63.6359,-62.8532,-64.9342,-64.7535,-65.5124,-63.7281,-64.0571,-62.7852,-63.1284,-62.7852,-62.7852,-63.775,-63.2103,-63.4572,-63.2103,-62.2297,-64.5236,-63.9577,-62.8915,-64.4791,-62.5303,-62.0361,-65.1875,-64.7535,-66.3466,-62.5658,-64.4791,-63.2939,-64.1588,-64.8129,-64.4241,-61.9486,-67.9568,-64.1077,-62.7478,-63.088,-64.3697,-63.2519,-62.7108,-65.1228,-64.316,-62.5658,-66.2622,-65.1875,-62.3298,-65.7285,-65.5124,-64.1077,-64.58,-63.088,-64.58,-64.9342,-62.8532,-64.9342,-63.7281,-62.1968,-65.803,-64.4791,-63.9089,-65.9559,-65.24,-63.9577,-62.4254,-64.58,-66.6099,-63.5456,-62.9301,-61.4855,-61.9796,-64.3697,-63.5456,-62.969,-65.3065,-63.3363,-63.2939,-63.2519,-63.4572,-61.7373,-61.7079,-62.8228,-62.6377,-62.9301,-64.0072,-62.5303,-62.969,-61.7668,-65.5832,-63.4572,-62.1642,-63.6818,-63.6359,-63.2939,-67.1691,-65.6552,-65.374,-64.2106,-63.088,-62.4254,-64.3697,-61.6267,-62.8915,-64.4241,-64.637,-67.6016,-64.2106,-64.316,-64.5236,-64.0571,-61.9486,-65.5832,-62.8532,-63.1284,-63.2939,-66.1795,-63.7281,-65.3065,-62.969,-62.8228,-62.6741,-62.0997,-64.0072,-62.8532,-65.9559,-63.5456,-62.9301,-62.969,-65.24,-64.9342,-63.4136,-63.2519,-63.4572,-63.048,-62.8228,-62.969,-64.9342,-62.0361,-61.8872,-62.7478,-61.8266,-63.6359,-62.8228,-63.0083,-65.4427,-63.6818,-64.9962,-63.5456,-64.1588,-65.1875,-65.3065,-63.7281,-64.637,-62.3298,-72.4186,-63.2939,-65.059,-63.2103,-63.5456,-62.5658,-64.58,-62.3979,-63.4136,-66.5203,-62.3637,-63.5905,-64.4791,-64.5236,-64.58,-63.4136,-63.9577,-62.7478,-63.9089,-63.4572,-65.5832,-64.8129,-62.0677,-62.0361,-63.2519,-64.316,-64.4241,-63.1692,-63.9577,-64.1077,-62.6016,-63.3363,-62.1318,-63.7281,-62.0677,-62.3637,-64.2106,-63.6818,-62.6377,-63.0083,-63.1284,-66.1795,-63.1284,-63.2103,-64.3697,-63.6359,-64.1077,-64.8129,-64.1588,-63.6359,-65.059,-63.5012,-63.8702,-63.7281,-63.2939,-64.4791,-63.8223,-65.1875,-65.1228,-61.9178,-63.2519,-63.1692,-62.8915,-62.7852,-62.7108,-63.6359,-62.1642,-63.2939,-65.9559,-64.1077,-61.7373,-64.7535,-63.5456,-63.3363,-62.0677,-62.7478,-64.7535,-62.495,-61.7668,-62.7108,-63.5456,-63.2519,-63.775,-64.4791,-62.3637,-63.9089,-63.7281,-62.1318,-63.6359,-62.1968,-62.4254,-64.7535,-63.775,-63.4572,-63.0083,-64.7535,-64.4791,-64.2106,-63.5012,-64.7535,-64.263,-63.775,-66.2622,-63.2939,-63.2939,-61.9486,-62.8228,-63.8223,-62.9301,-64.0072,-62.495,-61.9486,-61.1434,-62.6016,-64.8129,-64.1077,-62.7108,-62.0109,-62.6016,-65.374,-63.3363,-63.5456,-62.7852,-63.5905,-65.1228,-64.9342,-67.8352,-67.1691,-62.5658,-63.5905,-64.8731,-63.3705,-64.7535,-63.8223,-64.8129,-61.5981,-62.5303,-61.9486,-62.0677,-63.2103,-63.6359,-61.3756,-63.6359,-62.969,-63.2103,-62.1318,-62.5303,-62.969,-63.9577,-63.8223,-63.1692,-64.6949,-63.1692,-61.4302,-63.3705,-62.5303,-63.3705,-63.2103,-67.8352,-63.7281,-64.9342,-67.38,-63.6359,-61.7668,-63.4572,-62.969,-62.8228,-62.7852,-62.4254,-64.3697,-63.2939,-62.0361,-63.9577,-61.3756,-63.2939,-62.4254,-61.6556,-63.088,-62.9301,-63.4572,-61.7079,-64.58,-65.1228,-62.6741,-63.1692,-65.1228,-66.8901,-62.0677,-64.9962,-62.6016,-64.4241,-65.3065,-63.3363,-64.4241,-65.5124,-64.1077,-64.4791,-65.24,-65.1228,-63.775,-63.9089,-63.8702,-63.5012,-63.6818,-63.9577,-62.6016,-63.775,-63.775,-63.775,-62.2297,-62.5658,-63.6818,-64.1588,-68.2109,-64.8129,-64.637,-65.5832,-63.8702,-64.316,-64.7535,-63.5012,-63.6818,-63.2519,-63.9089,-61.7668,-63.088,-65.059,-64.3697,-63.5905,-63.5905,-63.088,-64.1588,-63.7281,-63.5012,-63.1692,-64.8731,-64.8731,-62.9301,-64.9342,-63.3363,-64.3697,-63.048,-62.6741,-62.2962,-63.5012,-62.5303,-64.3697,-63.6818,-64.637,-65.059,-64.6949,-66.7947,-65.3065,-64.58,-63.0083,-65.1228,-62.495,-62.5658,-64.316,-63.3363,-64.58,-64.2106,-64.4241,-65.1228,-62.4601,-63.2939,-65.5832,-62.6377,-63.5905,-63.9089,-68.2109,-63.1692,-64.4791,-62.5303,-64.263,-64.5236,-63.1284,-64.7535,-64.0571,-63.4572,-65.8788,-63.3705,-64.0072,-64.4791,-67.4894,-65.059,-62.5658,-63.5905,-63.3705,-62.2628,-66.2622,-63.9577,-62.8228,-62.9301,-62.7108,-65.1228,-63.4572,-63.0083,-67.1691,-63.0083,-63.4572,-63.4136,-63.8702,-64.263,-62.3979,-63.8702,-63.1692,-62.3979,-66.0983,-64.0072,-65.4427,-63.2519,-64.7535,-65.059,-63.775,-64.8129,-63.9089,-63.6818,-62.4254,-65.9559,-64.637,-64.4791,-64.4791,-63.6359,-64.2106,-64.5236,-63.5456,-62.0997,-63.5012,-63.9089,-63.5012,-66.3466,-66.2622,-63.6818,-66.3466,-63.2519,-63.9089,-64.58,-63.7281,-63.8223,-65.5832,-63.3363,-64.6949,-65.374,-62.4601,-65.6552,-65.24,-65.1228,-64.9962,-66.8901,-64.0072,-65.24,-64.4241,-63.5012,-65.1875,-66.6099,-62.6377,-63.1284,-64.637,-64.4241,-62.7478,-65.8788,-63.2519,-63.5456,-67.6016,-64.4241,-63.5456,-64.0072,-62.969,-65.1875,-62.1642,-63.8702,-64.0571,-64.1588,-65.059,-62.9301,-63.6359,-61.3004,-61.6788,-61.4028,-63.7281,-63.775,-63.2519,-61.9486,-62.8228,-63.2939,-63.088,-64.2106,-65.1228,-62.8228,-62.8228,-62.7108,-62.2962,-66.8901,-67.4894,-64.0571,-63.3705,-63.8223,-63.1284,-65.059,-67.0876,-62.969,-64.7535,-65.1228,-63.4572,-64.4791,-65.9559,-62.7478,-64.4791,-65.3065,-61.8872,-63.8702,-63.9577,-63.2939,-64.316,-61.6556,-63.9089,-64.2106,-62.969,-64.1588,-62.3637,-62.5303,-62.8228,-63.3363,-63.7281,-62.969,-63.9089,-61.7966,-62.8228,-61.4577,-63.2939,-62.0677,-62.9301,-62.7852,-64.316,-63.0083,-62.4254,-66.9877,-63.088,-62.6016,-61.7079,-63.2939,-65.9559,-61.8568,-61.9796,-64.263,-63.2939,-63.3363,-65.1875,-63.2103,-63.048,-63.7281,-62.6741,-62.6377,-62.7852,-63.4136,-65.7285,-63.8702,-63.5012,-62.3979,-64.0072,-65.1228,-62.2962,-62.3298,-62.0677,-62.3979,-64.8731,-62.6377,-63.5456,-63.9577,-65.1228,-62.1968,-65.24,-62.4254,-62.7852,-66.5203,-62.7108,-63.088,-62.1318,-62.2297,-64.8129,-62.8532,-63.4572,-63.9577,-62.9301,-62.2628,-63.6818,-64.58,-63.9089,-62.6377,-64.6949,-63.2103,-63.8702,-64.316,-62.0677,-62.7478,-62.2962,-62.7852,-63.3705,-63.1284,-63.9089,-61.5981,-63.4572,-62.3298,-64.263,-61.7079,-65.5832,-62.3979,-64.637,-63.4136,-62.5303,-62.5658,-62.5303,-63.3363,-63.3363,-64.4791,-64.9962,-62.8532,-64.0571,-65.1875,-61.5981,-63.3705,-63.3363,-62.9301,-63.6359,-64.4241,-65.1228,-63.2939,-65.059,-63.048,-66.5203,-62.6741,-62.8228,-62.3637,-62.7478,-64.2106,-64.4791,-63.5456,-63.8702,-65.1228,-65.059,-62.8915,-64.8129,-63.048,-63.6359,-62.7108,-63.775,-63.1284,-63.2103,-64.8129,-64.8731,-63.9577,-64.0571,-63.7281,-62.8915,-65.3065,-62.969,-64.1077,-61.7373,-63.5456,-62.4601,-64.8731,-62.6741,-63.4136,-62.3637,-64.8731,-65.1875,-65.1875,-63.4136,-64.3697,-63.2103,-63.0083,-64.263,-63.5012,-62.4601,-63.5905,-63.5012,-64.4241,-64.7535,-63.8702,-63.6818,-63.9577,-64.7535,-63.1692,-65.8788,-64.263,-63.3705,-64.6949,-62.3298,-63.088,-64.9342,-63.9089,-63.0083,-62.3979,-62.7852,-63.8223,-64.9962,-62.4254,-63.4136,-63.3705,-62.0997,-62.495,-68.2109,-63.4136,-62.1968,-63.2519,-65.8788,-65.5832,-63.5905,-62.0361,-63.9577,-62.1318,-64.4241,-63.775,-63.775,-64.3697,-63.1692,-63.8702,-64.0571,-64.1077,-63.3705,-63.5456,-62.8915,-63.1692,-62.7108,-64.4791,-63.2519,-65.8788,-63.4136,-63.4136,-61.7079,-64.9342,-63.4572,-61.9796,-64.263,-62.3979,-62.1642,-62.6377,-63.4572,-64.58,-63.088,-61.7966,-64.1077,-63.9089,-64.8129,-65.374,-64.1077,-62.1318,-64.316,-63.5456,-62.8915,-65.1875,-63.5905,-63.5012,-64.316,-62.7478,-63.5012,-64.1588,-61.8872,-63.7281,-64.2106,-62.3298,-62.6377,-62.6016,-62.9301,-62.8228,-63.1284,-63.8223,-62.8915,-62.0677,-61.8568,-61.8872,-62.4601,-64.637,-61.9486,-62.8532,-63.048,-64.6949,-64.4241,-62.3298,-65.1228,-64.4791,-63.5905,-64.3697,-63.775,-63.2103,-62.7478,-63.1284,-63.6359,-63.775,-62.4601,-63.775,-63.2103,-62.6016,-61.6556,-64.0571,-64.0072,-64.0072,-63.775,-65.059,-63.6359,-63.775,-63.9577,-64.4791,-64.0571,-62.0361,-63.7281,-62.5658,-62.7852,-63.4572,-64.6949,-61.7668,-62.7478,-63.4136,-64.1588,-62.7852,-62.4254,-63.5012,-64.8129,-62.6741,-63.2519,-63.775,-64.4241,-63.0083,-63.6818,-65.374,-62.3637,-63.2939,-65.059,-63.7281,-62.7852,-64.0571,-63.8223,-63.1284,-62.0997,-63.7281,-62.6377,-64.8129,-62.969,-62.7478,-61.6267,-66.6099,-63.048,-64.58,-63.8223,-63.2939,-64.9342,-63.8223,-63.1692,-67.0876,-64.3697,-65.5832,-64.4791,-66.0983,-61.5697,-64.4791,-61.9178,-62.0677,-62.9301,-61.5981,-62.5658,-63.4136,-63.3363,-64.1588,-62.3979,-63.0083,-65.5832,-67.9568,-63.5012,-62.4254,-65.6552,-63.3705,-61.6556,-62.969,-62.6377,-62.3979,-63.5905,-65.4427,-62.3637,-64.5236,-62.3637,-64.9342,-63.048,-63.8223,-62.7478,-62.2628,-64.0072,-63.7281,-63.2103,-62.6016,-62.2962,-63.3705,-61.3004,-65.1228,-63.6359,-63.4136,-64.5236,-64.0072,-63.6818,-64.1077,-63.8702,-64.4791,-62.969,-62.2962,-64.5236,-62.6741,-62.8532,-63.6818,-62.5303,-61.7966,-62.0677,-63.5905,-61.9178,-64.316,-62.7852,-65.9559,-66.0983,-64.8731,-62.7478,-64.4241,-63.048,-64.0571,-66.4326,-63.4136,-67.9568,-62.6741,-64.3697,-62.7478,-66.7947,-67.38,-63.088,-63.775,-65.9559,-63.1284,-63.2103,-63.7281,-63.4572,-63.1692,-63.088,-64.9342,-63.5456,-64.7535,-65.059,-64.8731,-68.3437,-64.0072,-64.8731,-62.1318,-62.5658,-65.6552,-63.775,-63.1692,-62.8228,-62.5303,-66.3466,-63.8223,-63.6359,-63.2939,-63.6359,-63.4136,-63.6359,-64.7535,-63.5456,-63.9577,-62.6016,-63.5456,-61.7966,-64.1077,-65.24,-63.8223,-62.0109,-63.3363,-62.8915,-63.775,-62.4254,-62.8915,-63.5905,-66.2622,-64.5236,-65.059,-65.374,-63.048,-63.8223,-62.8915,-63.4136,-63.9089,-64.8731,-62.4254,-63.6359,-63.775,-62.8915,-64.3697,-64.4791,-62.495,-71.2212,-63.1284,-65.1228,-65.1875,-63.3363,-63.3705,-64.9962,-62.7108,-63.2939,-65.3065,-63.9089,-67.8352,-67.7168,-64.316,-61.6556,-63.4136,-66.2622,-64.637,-64.1588,-66.6099,-63.4572,-64.5236,-63.4572,-67.2733,-62.3979,-64.2106,-64.0072,-63.088,-67.6016,-63.775,-63.5456,-63.2519,-63.088,-63.4136,-64.0571,-63.1284,-62.8915,-63.048,-62.0109,-62.9301,-62.8228,-63.1284,-63.4572,-63.5012,-62.5303,-62.8532,-62.5658,-64.58,-64.1077,-63.4136,-64.5236,-64.7535,-63.8223,-62.7852,-63.1284,-62.8915,-63.4572,-62.4254,-63.2519,-63.2103,-65.24,-63.2103,-63.775,-61.9178,-61.4028,-61.1951,-62.6377,-63.8223,-62.1642,-64.7535,-64.5236,-62.8228,-62.0109,-67.7168,-62.5658,-65.4427,-65.374,-61.7373,-62.7108,-64.1077,-62.9301,-62.0361,-62.7478,-62.495,-62.8228,-63.8702,-63.9089,-61.5133,-62.8915,-65.8788,-61.9486,-63.9089,-64.7535,-62.6016,-62.1968,-62.3298,-64.316,-64.3697,-62.495,-64.637,-64.637,-66.0344,-65.5124,-63.2103,-64.4241,-62.7108,-62.1318,-63.5012,-64.58
